Track,L1 I,L1 A,L2 I,L2 A,L3 I,L3 A,L4 I,L4 A,L5 I,L5 A,L6 I,L6 A,L7 I,L7 A
collection02_main,1,(2)(Collection02_Main: M1_start_region/Bonus_main_region),1,(1)(Collection02_Main: Bonus_main_region),0,(0),0,(0),0,(0),0,(0),0,(0)
collection02_pickup,1,(2)(Collection02_Pickup: M1_start_region/Bonus_main_region),1,(1)(Collection02_Pickup: Bonus_main_region),0,(0),0,(0),0,(0),0,(0),0,(0)
disco_drama,0,(0),0,(0),0,(0),0,(0),0,(0),1,(1)(Disco_Drama: M7_start_region),0,(0)
disco_end_drama,0,(0),0,(0),0,(0),0,(0),0,(0),1,(1)(Disco_End_Drama: M7_end_Neg_region/M7_end_drama_region),0,(0)
disco_end_neg,0,(0),0,(0),0,(0),0,(0),0,(0),1,(1)(Disco_End_Neg: M7_end_Sus_region),0,(0)
disco_end_pos,0,(0),0,(0),0,(0),0,(0),0,(0),1,(1)(Disco_End_Pos: M7_end_Pos_region),0,(0)
disco_end_sus,0,(0),0,(0),0,(0),0,(0),0,(0),1,(1)(Disco_End_Sus: M7_end_Sus_region),0,(0)
disco_main,0,(0),0,(0),0,(0),0,(0),0,(0),1,(1)(Disco_Main: M7_start_region),0,(0)
banjo_end_neg_b4,0,(0),1,(1)(Banjo_End_Neg: M5_S1_end_Neg_region),1,(1)(Banjo_End_Neg: M3_end_Neg_region),1,(1)(Banjo_End_Neg: M2_end_Neg_region),0,(0),0,(0),0,(0)
banjo_end_pos,0,(0),1,(1)(Banjo_End_Pos: M5_S1_end_Pos_region*),1,(1)(Banjo_End_Pos: M3_end_Pos_region),1,(1)(Banjo_End_Pos: M2_end_Pos_region),0,(0),0,(0),0,(0)
banjo_end_sus_b2,0,(0),1,(1)(Banjo_End_Sus: M5_S1_end_Sus_region),1,(1)(Banjo_End_Sus: M3_end_Sus_region),1,(1)(Banjo_End_Sus: M2_end_Sus_region),0,(0),0,(0),0,(0)
banjo_main,0,(0),1,(1)(Banjo_Main: M5_S1_main_region),1,(1)(Banjo_Main: M3_main_region),1,(1)(Banjo_Main: M2_intro_region/M2_main_region),0,(0),0,(0),0,(0)
bart_chase01,0,(0),1,(1)(Bart_Chase01: M1_main_region),0,(0),0,(0),0,(0),1,(1)(Bart_Chase01: M2_main_region),0,(0)
bart_chase01_end_neg1,0,(0),1,(1)(Bart_Chase01_End_Neg1: M1_end_Neg_region),0,(0),0,(0),0,(0),1,(1)(Bart_Chase01_End_Neg1: M2_end_Neg_region),0,(0)
bart_chase01_end_neg3,0,(0),1,(1)(Bart_Chase01_End_Neg3: M1_end_Neg_region),0,(0),0,(0),0,(0),1,(1)(Bart_Chase01_End_Neg3: M2_end_Neg_region),0,(0)
bart_chase01_end_pos_b4,0,(0),1,(1)(Bart_Chase01_End_Pos: M1_end_Pos_region),0,(0),0,(0),0,(0),1,(1)(Bart_Chase01_End_Pos: M2_end_Pos_region),0,(0)
bart_chase01_end_sus,0,(0),1,(1)(Bart_Chase01_End_Sus: M1_end_Sus_region),0,(0),0,(0),0,(0),1,(1)(Bart_Chase01_End_Sus: M2_end_Sus_region),0,(0)
bart_chase02,0,(0),1,(1)(Bart_Chase02: M4_Main_region),0,(0),1,(1)(Bart_Chase02: M7_S2_Main_region),0,(0),1,(1)(Bart_Chase02: M5_Main_region),0,(0)
bart_chase02_end_neg,0,(0),1,(1)(Bart_Chase02_End_Neg: M4_end_Neg_region),0,(0),1,(1)(Bart_Chase02_End_Neg: M7_S2_end_Neg_region),0,(0),1,(1)(Bart_Chase02_End_Neg: M5_end_Neg_region),0,(0)
bart_chase02_end_pos_b4,0,(0),1,(1)(Bart_Chase02_End_Pos_b4: M4_end_Pos_region),0,(0),1,(1)(Bart_Chase02_End_Pos_b4: M7_S2_end_Pos_region),0,(0),1,(1)(Bart_Chase02_End_Pos_b4: M5_end_Pos_region),0,(0)
bart_chase02_end_sus1*,0,(0),1,(1)(Bart_Chase02_End_Sus1: N/A),0,(0),1,(1)(Bart_Chase02_End_Sus1: N/A),0,(0),1,(1)(Bart_Chase02_End_Sus1: N/A),0,(0)
bart_chase02_end_sus2_b4,0,(0),1,(1)(Bart_Chase02_End_Sus2_b4: M4_end_Sus_region),0,(0),1,(1)(Bart_Chase02_End_Sus2_b4: M7_S2_end_Sus_region),0,(0),1,(1)(Bart_Chase02_End_Sus2_b4: M5_end_Sus_region),0,(0)
bart_chase03,0,(0),1,(1)(Bart_Chase03: M2_S2_start_region),0,(0),0,(0),1,(1)(Bart_Chase03: M5_start_region),1,(1)(Bart_Chase03: M6_start_region),0,(0)
bart_chase03_end_neg,0,(0),1,(1)(Bart_Chase03_End_Neg: M2_S2_end_Neg_region),0,(0),0,(0),1,(1)(Bart_Chase03_End_Neg: M5_end_Neg_region),1,(1)(Bart_Chase03_End_Neg: M6_end_Neg_region),0,(0)
bart_chase03_end_pos,0,(0),1,(1)(Bart_Chase03_End_Pos: M2_S2_end_Pos_region),0,(0),0,(0),1,(1)(Bart_Chase03_End_Pos: M5_end_Pos_region),1,(1)(Bart_Chase03_End_Pos: M6_end_Pos_region),0,(0)
bart_chase03_end_sus,0,(0),1,(1)(Bart_Chase03_End_Sus: M2_S2_end_Sus_region),0,(0),0,(0),1,(1)(Bart_Chase03_End_Sus: M5_end_Sus_region),1,(1)(Bart_Chase03_End_Sus: M6_end_Sus_region),0,(0)
bart_chase04,0,(0),1,(1)(Bart_Chase04: Sunday_Drive_region),0,(0),0,(0),0,(0),1,(1)(Bart_Chase04: Sunday_Drive_region),0,(0)
bart_chase04_end_sus1,0,(0),1,(1)(Bart_Chase04_End_Sus1: Sunday_Drive_Sus_region),0,(0),0,(0),0,(0),1,(1)(Bart_Chase04_End_Sus1: Sunday_Drive_Sus_region),0,(0)
bart_chase04_end_sus2,0,(0),1,(1)(Bart_Chase04_End_Sus2: Sunday_Drive_Sus_region),0,(0),0,(0),0,(0),1,(1)(Bart_Chase04_End_Sus2: Sunday_Drive_Sus_region),0,(0)
bart_chase04_end_sus3,0,(0),1,(1)(Bart_Chase04_End_Sus3: Sunday_Drive_Sus_region),0,(0),0,(0),0,(0),1,(1)(Bart_Chase04_End_Sus3: Sunday_Drive_Sus_region),0,(0)
bollywood01_drama,0,(0),0,(0),0,(0),0,(0),1,(2)(Bolly01_Drama: M1_start_region/M6_drama_region),0,(0),0,(0)
bollywood01_end_neg,0,(0),0,(0),0,(0),0,(0),1,(2)(Bolly01_End_Neg: M1_end_Neg_region/M6_end_Neg_region),0,(0),0,(0)
bollywood01_end_pos_b3,0,(0),0,(0),0,(0),0,(0),1,(2)(Bolly01_End_Pos: M1_end_Pos_region/M6_end_Pos_region),0,(0),0,(0)
bollywood01_end_sus,0,(0),0,(0),0,(0),0,(0),1,(2)(Bolly01_End_Sus: M1_end_Sus_region/M6_end_Sus_region),0,(0),0,(0)
bollywood01_main,0,(0),0,(0),0,(0),0,(0),1,(2)(Bolly01_Main: M1_start_region/M6_start_region/M6_drama_region),0,(0),0,(0)
bollywood02_end_neg_b4,0,(0),1,(1)(Bollywood02_End_Neg: M5_S2_end_Neg_region),0,(0),0,(0),1,(2)(Bollywood02_End_Neg: M4_end_Neg_region/M7_end_Neg_region),0,(0),0,(0)
bollywood02_end_pos,0,(0),1,(1)(Bollywood02_End_Pos: M5_S2_end_Pos_region*),0,(0),0,(0),1,(2)(Bollywood02_End_Pos: M4_end_Pos_region/M7_end_Pos_region),0,(0),0,(0)
bollywood02_end_sus_b4,0,(0),1,(1)(Bollywood02_End_Sus: M5_S2_end_Sus_region),0,(0),0,(0),1,(2)(Bollywood02_End_Sus: M4_end_Sus_region/M7_end_Sus_region),0,(0),0,(0)
bollywood02_intro,0,(0),1,(1)(Bollywood02_Intro: M5_S2_main_region),0,(0),0,(0),1,(2)(Bollywood02_Intro: M4_main_region/M7_main_region),0,(0),0,(0)
bollywood02_main,0,(0),1,(1)(Bollywood02_Main: M5_S2_main_region),0,(0),0,(0),1,(2)(Bollywood02_Main: M4_main_region/M7_main_region),0,(0),0,(0)
bollywood03_end_neg_b4,0,(0),0,(0),0,(0),0,(0),1,(2)(Bollywood03_End_Neg: M3_end_Neg_region/Bonus_end_Neg_region),0,(0),0,(0)
bollywood03_end_pos_b3,0,(0),0,(0),0,(0),0,(0),1,(2)(Bollywood03_End_Pos: M3_end_Pos_region/Bonus_end_Pos_region),0,(0),0,(0)
bollywood03_end_sus_b4,0,(0),0,(0),0,(0),0,(0),1,(2)(Bollywood03_End_Sus: M3_end_Sus_region/Bonus_end_Sus_region),0,(0),0,(0)
bollywood03_main,0,(0),0,(0),0,(0),0,(0),1,(2)(Bollywood03_Main: M3_main_region/Bonus_main_region),0,(0),0,(0)
bollywood03_pickup,0,(0),0,(0),0,(0),0,(0),1,(2)(Bollywood03_Intro: M3_main_region/Bonus_main_region),0,(0),0,(0)
burn_rubber_end_neg1,1,(1)(Burning_Rubber_End_Neg1: lose_street_race1_region),1,(1)(Burning_Rubber_End_Neg1: lose_street_race1_region),1,(1)(Burning_Rubber_End_Neg1: lose_street_race1_region),1,(1)(Burning_Rubber_End_Neg1: lose_street_race1_region),1,(1)(Burning_Rubber_End_Neg1: lose_street_race1_region),1,(1)(Burning_Rubber_End_Neg1: lose_street_race1_region),1,(1)(Burning_Rubber_End_Neg1: lose_street_race1_region)
burn_rubber_end_neg2,1,(1)(Burning_Rubber_End_Neg2: lose_street_race1_region),1,(1)(Burning_Rubber_End_Neg2: lose_street_race1_region),1,(1)(Burning_Rubber_End_Neg2: lose_street_race1_region),1,(1)(Burning_Rubber_End_Neg2: lose_street_race1_region),1,(1)(Burning_Rubber_End_Neg2: lose_street_race1_region),1,(1)(Burning_Rubber_End_Neg2: lose_street_race1_region),1,(1)(Burning_Rubber_End_Neg2: lose_street_race1_region)
burn_rubber_end_pos1,1,(1)(Burning_Rubber_End_Pos1: win_street_race1_region),1,(1)(Burning_Rubber_End_Pos1: win_street_race1_region),1,(1)(Burning_Rubber_End_Pos1: win_street_race1_region),1,(1)(Burning_Rubber_End_Pos1: win_street_race1_region),1,(1)(Burning_Rubber_End_Pos1: win_street_race1_region),1,(1)(Burning_Rubber_End_Pos1: win_street_race1_region),1,(1)(Burning_Rubber_End_Pos1: win_street_race1_region)
burn_rubber_end_pos2,1,(1)(Burning_Rubber_End_Pos2: win_street_race1_region),1,(1)(Burning_Rubber_End_Pos2: win_street_race1_region),1,(1)(Burning_Rubber_End_Pos2: win_street_race1_region),1,(1)(Burning_Rubber_End_Pos2: win_street_race1_region),1,(1)(Burning_Rubber_End_Pos2: win_street_race1_region),1,(1)(Burning_Rubber_End_Pos2: win_street_race1_region),1,(1)(Burning_Rubber_End_Pos2: win_street_race1_region)
burn_rubber_end_sus1,1,(1)(Burning_Rubber_End_Sus1: getoutofcar_street_race1_region),1,(1)(Burning_Rubber_End_Sus1: getoutofcar_street_race1_region),1,(1)(Burning_Rubber_End_Sus1: getoutofcar_street_race1_region),1,(1)(Burning_Rubber_End_Sus1: getoutofcar_street_race1_region),1,(1)(Burning_Rubber_End_Sus1: getoutofcar_street_race1_region),1,(1)(Burning_Rubber_End_Sus1: getoutofcar_street_race1_region),1,(1)(Burning_Rubber_End_Sus1: getoutofcar_street_race1_region)
burn_rubber_end_sus2,1,(1)(Burning_Rubber_End_Sus2: getoutofcar_street_race1_region),1,(1)(Burning_Rubber_End_Sus2: getoutofcar_street_race1_region),1,(1)(Burning_Rubber_End_Sus2: getoutofcar_street_race1_region),1,(1)(Burning_Rubber_End_Sus2: getoutofcar_street_race1_region),1,(1)(Burning_Rubber_End_Sus2: getoutofcar_street_race1_region),1,(1)(Burning_Rubber_End_Sus2: getoutofcar_street_race1_region),1,(1)(Burning_Rubber_End_Sus2: getoutofcar_street_race1_region)
burning_rubber,1,(1)(Burning_Rubber: street_race1_start_region),1,(1)(Burning_Rubber: street_race1_start_region),1,(1)(Burning_Rubber: street_race1_start_region),1,(1)(Burning_Rubber: street_race1_start_region),1,(1)(Burning_Rubber: street_race1_start_region),1,(1)(Burning_Rubber: street_race1_start_region),1,(1)(Burning_Rubber: street_race1_start_region)
cbg_end_neg,0,(0),1,(1)(CBG_End_Neg: M3_end_Neg_region),1,(1)(CBG_End_Neg: M1_end_Neg_region),0,(0),0,(0),0,(0),0,(0)
cbg_end_pos,0,(0),1,(1)(CBG_End_Pos: M3_end_Pos_region),1,(1)(CBG_End_Pos: M1_end_Pos_region),0,(0),0,(0),0,(0),0,(0)
cbg_end_sus,0,(0),1,(1)(CBG_End_Sus: M3_end_Sus_region),1,(1)(CBG_End_Sus: M1_end_Sus_region),0,(0),0,(0),0,(0),0,(0)
cbg_main,0,(0),1,(1)(CBG_Main: M3_start_region/M3_drama_region*/M3_victory_region*/M3_end_drama_region*),1,(1)(CBG_Main: M1_start_region/M1_drama_region*/M1_victory_region*/M1_end_drama_region*),0,(0),0,(0),0,(0),0,(0)
cbg_pickup,0,(0),1,(1)(CBG_Pickup: M3_start_region/M3_drama_region*/M3_victory_region*/M3_end_drama_region*),1,(1)(CBG_Pickup: M1_start_region/M1_drama_region*/M1_victory_region*/M1_end_drama_region*),0,(0),0,(0),0,(0),0,(0)
collection01d_drama,1,(1)(Collection01d_Drama: M6_start_region),0,(0),1,(1)(Collection01d_Drama: M2_drama_region*),0,(0),0,(0),0,(0),0,(0)
collection01d_drama_pickup_b3*,0,(0),0,(0),1,(1)(Collection01d_Drama_Pickup: M2_drama_region*),0,(0),0,(0),0,(0),0,(0)
collection01d_end_neg,1,(1)(Collection01d_End_Neg: M6_end_Neg_region),1,(1)(Collection01d_End_Neg: M2_S1_end_Neg_region),1,(1)(Collection01d_End_Neg: M2_end_Neg_region),0,(0),0,(0),0,(0),0,(0)
collection01d_end_pos,1,(1)(Collection01d_End_Pos: M6_end_Pos_region),1,(1)(Collection01d_End_Pos: M2_S1_end_Pos_region*),1,(1)(Collection01d_End_Pos: M2_end_Pos_region),0,(0),0,(0),0,(0),0,(0)
collection01d_end_sus_b2,1,(1)(Collection01d_End_Sus: M6_end_Sus_region),1,(1)(Collection01d_End_Sus: M2_S1_end_Sus_region),1,(1)(Collection01d_End_Sus: M2_end_Sus_region),0,(0),0,(0),0,(0),0,(0)
collection01d_main,1,(1)(Collection01d_Main: M6_start_region),1,(1)(Collection01d_Main: M2_S1_start_region),1,(1)(Collection01d_Main: M2_main_region/M2_drama_region*),0,(0),0,(0),0,(0),0,(0)
collection01d_pickup_b4,1,(1)(Collection01d_Pickup: M6_start_region),1,(1)(Collection01d_Pickup: M2_S1_start_region),1,(1)(Collection01d_Pickup: M2_main_region),0,(0),0,(0),0,(0),0,(0)
collection02_end_neg_b4,1,(2)(Collection02_End_Neg: M1_end_Neg_region/Bonus_end_Neg_region),1,(1)(Collection02_End_Neg: Bonus_end_Neg_region),0,(0),0,(0),0,(0),0,(0),0,(0)
collection02_end_pos_b1_3,1,(2)(Collection02_End_Pos: M1_end_Pos_region/Bonus_end_Pos_region),1,(1)(Collection02_End_Pos: Bonus_end_Pos_region),0,(0),0,(0),0,(0),0,(0),0,(0)
collection02_end_sus1_b4,1,(2)(Collection02_End_Sus1: M1_end_Sus_region/Bonus_end_Sus_region),1,(1)(Collection02_End_Sus1: Bonus_end_Sus_region),0,(0),0,(0),0,(0),0,(0),0,(0)
collection02_end_sus2_b4,1,(2)(Collection02_End_Sus2: M1_end_Sus_region/Bonus_end_Sus_region),1,(1)(Collection02_End_Sus2: Bonus_end_Sus_region),0,(0),0,(0),0,(0),0,(0),0,(0)
disco_victory,0,(0),0,(0),0,(0),0,(0),0,(0),1,(1)(Disco_Victory: M7_start_region),0,(0)
duffbeer_spoof,1,(1)(DuffBeer_Spoof: DuffBeer_region),1,(1)(DuffBeer_Spoof: DuffBeer_region),1,(1)(DuffBeer_Spoof: DuffBeer_region),1,(1)(DuffBeer_Spoof: DuffBeer_region),1,(1)(DuffBeer_Spoof: DuffBeer_region),1,(1)(DuffBeer_Spoof: DuffBeer_region),1,(1)(DuffBeer_Spoof: DuffBeer_region)
fe_trans01*,1,(1)(FE_trans01: FE_trans01*),1,(1)(FE_trans01: FE_trans01*),1,(1)(FE_trans01: FE_trans01*),1,(1)(FE_trans01: FE_trans01*),1,(1)(FE_trans01: FE_trans01*),1,(1)(FE_trans01: FE_trans01*),1,(1)(FE_trans01: FE_trans01*)
fe_trans02*,1,(1)(FE_trans02: FE_trans01*),1,(1)(FE_trans02: FE_trans01*),1,(1)(FE_trans02: FE_trans01*),1,(1)(FE_trans02: FE_trans01*),1,(1)(FE_trans02: FE_trans01*),1,(1)(FE_trans02: FE_trans01*),1,(1)(FE_trans02: FE_trans01*)
fe_trans03*,1,(1)(FE_trans03: FE_trans01*),1,(1)(FE_trans03: FE_trans01*),1,(1)(FE_trans03: FE_trans01*),1,(1)(FE_trans03: FE_trans01*),1,(1)(FE_trans03: FE_trans01*),1,(1)(FE_trans03: FE_trans01*),1,(1)(FE_trans03: FE_trans01*)
frink_end_neg,0,(0),1,(1)(Frink_End_Neg: M7_end_Neg_region),0,(0),0,(0),0,(0),1,(1)(Frink_End_Neg: M3_end_Neg_region),1,(1)(Frink_End_Neg: M3_end_Neg_region)
frink_end_pos,0,(0),1,(1)(Frink_End_Pos: M7_end_Pos_region),0,(0),0,(0),0,(0),1,(1)(Frink_End_Pos: M3_end_Pos_region),1,(1)(Frink_End_Pos: M3_end_Pos_region)
frink_end_sus,0,(0),1,(1)(Frink_End_Sus: M7_end_Sus_region),0,(0),0,(0),0,(0),1,(1)(Frink_End_Sus: M3_end_Sus_region),1,(1)(Frink_End_Sus: M3_end_Sus_region)
frink_intro,0,(0),1,(1)(Frink_Intro: M7_start_region),0,(0),0,(0),0,(0),1,(1)(Frink_Intro: M3_main_region),1,(1)(Frink_Intro: M3_main_region)
frink_main,0,(0),1,(1)(Frink_Main: M7_start_region),0,(0),0,(0),0,(0),1,(1)(Frink_Main: M3_main_region),1,(1)(Frink_Main: M3_main_region)
gogo_drama,1,(1)(Gogo_Drama: M2_drama_region*),0,(0),0,(0),1,(1)(Gogo_Drama: M1_main_region),0,(0),0,(0),1,(1)(Gogo_Drama: M6_drama_region*)
gogo_drama_pickup*,1,(1)(Gogo_Drama_Pickup: M2_drama_region*),0,(0),0,(0),0,(0),0,(0),0,(0),0,(0)
gogo_end_neg,1,(1)(Gogo_End_Neg: M2_end_Neg_region),0,(0),0,(0),1,(1)(Gogo_End_Neg: M1_end_Neg_region),0,(0),0,(0),1,(1)(Gogo_End_Neg: M6_end_Neg_region)
gogo_end_pos,1,(1)(Gogo_End_Pos: M2_end_Pos_region),0,(0),0,(0),1,(1)(Gogo_End_Pos: M1_end_Pos_region),0,(0),0,(0),1,(1)(Gogo_End_Pos: M6_end_Pos_region)
gogo_end_sus,1,(1)(Gogo_End_Sus: M2_end_Sus_region),0,(0),0,(0),1,(1)(Gogo_End_Sus: M1_end_Sus_region),0,(0),0,(0),1,(1)(Gogo_End_Sus: M6_end_Sus_region)
gogo_main,1,(1)(Gogo_Main: M2_main_region/M2_drama_region*),0,(0),0,(0),1,(1)(Gogo_Main: M1_main_region),0,(0),0,(0),1,(1)(Gogo_Main: M6_main_region/M6_drama_region*)
halloween_end_neg,0,(0),0,(0),0,(0),0,(0),0,(0),0,(0),1,(1)(Halloween_End_Neg: M1_end_Neg_region)
halloween_end_pos,0,(0),0,(0),0,(0),0,(0),0,(0),0,(0),1,(1)(Halloween_End_Pos: M1_end_Pos_region)
halloween_end_sus,0,(0),0,(0),0,(0),0,(0),0,(0),0,(0),1,(2)(Halloween_End_Sus: Sunday_Drive_Sus_region/M1_end_Sus_region)
halloween_intro,0,(0),0,(0),0,(0),0,(0),0,(0),0,(0),1,(2)(Halloween_Intro: Sunday_Drive_region/M1_start_region)
halloween_main,0,(0),0,(0),0,(0),0,(0),0,(0),0,(0),1,(2)(Halloween_Main: Sunday_Drive_region/M1_start_region)
hallsballs_end_neg2,0,(0),0,(0),0,(0),0,(0),0,(0),1,(1)(Halls_Balls_End_Neg: Bonus_end_Neg_region),1,(1)(Halls_Balls_End_Neg: M4_S1_end_Neg_region)
hallsballs_end_pos2,0,(0),0,(0),0,(0),0,(0),0,(0),1,(1)(Halls_Balls_End_Pos: Bonus_end_Pos_region),1,(1)(Halls_Balls_End_Pos: M4_S1_end_Pos_region*)
hallsballs_end_sus2,0,(0),0,(0),0,(0),0,(0),0,(0),1,(1)(Halls_Balls_End_Sus: Bonus_end_Sus_region),1,(1)(Halls_Balls_End_Sus: M4_S1_end_Sus_region)
halls_balls,0,(0),0,(0),0,(0),0,(0),0,(0),1,(1)(Halls_Balls: Bonus_main_region),1,(1)(Halls_Balls: M4_S1_main_region)
harp_music04,1,(1)(Harp_Music04: OF_Apu_Oasis_region),1,(1)(Harp_Music04: OF_Apu_Oasis_region),1,(1)(Harp_Music04: OF_Apu_Oasis_region),1,(1)(Harp_Music04: OF_Apu_Oasis_region),1,(1)(Harp_Music04: OF_Apu_Oasis_region),1,(1)(Harp_Music04: OF_Apu_Oasis_region),0,(0)
harp_music05,1,(1)(Harp_Music05: OF_Apu_Oasis_region),1,(1)(Harp_Music05: OF_Apu_Oasis_region),1,(1)(Harp_Music05: OF_Apu_Oasis_region),1,(1)(Harp_Music05: OF_Apu_Oasis_region),1,(1)(Harp_Music05: OF_Apu_Oasis_region),1,(1)(Harp_Music05: OF_Apu_Oasis_region),0,(0)
hit_run_end_neg,1,(1)(Hit_Run_End_Neg: Hit_Run_Caught_region),1,(1)(Hit_Run_End_Neg: Hit_Run_Caught_region),1,(1)(Hit_Run_End_Neg: Hit_Run_Caught_region),1,(1)(Hit_Run_End_Neg: Hit_Run_Caught_region),1,(1)(Hit_Run_End_Neg: Hit_Run_Caught_region),1,(1)(Hit_Run_End_Neg: Hit_Run_Caught_region),1,(1)(Hit_Run_End_Neg: Hit_Run_Caught_region)
hit_run_intro,1,(1)(Hit_Run_Intro: Hit_Run_region),1,(1)(Hit_Run_Intro: Hit_Run_region),1,(1)(Hit_Run_Intro: Hit_Run_region),1,(1)(Hit_Run_Intro: Hit_Run_region),1,(1)(Hit_Run_Intro: Hit_Run_region),1,(1)(Hit_Run_Intro: Hit_Run_region),1,(1)(Hit_Run_Intro: Hit_Run_region)
hit_run_main,1,(1)(Hit_Run_Main: Hit_Run_region),1,(1)(Hit_Run_Main: Hit_Run_region),1,(1)(Hit_Run_Main: Hit_Run_region),1,(1)(Hit_Run_Main: Hit_Run_region),1,(1)(Hit_Run_Main: Hit_Run_region),1,(1)(Hit_Run_Main: Hit_Run_region),1,(1)(Hit_Run_Main: Hit_Run_region)
horn_triumph,1,(1)(Horn_triumph: Win_3Street_Races_region/Level_Completed_region*/Destroy_Camera_Bonus_region*),0,(0),0,(0),0,(0),0,(0),0,(0),1,(1)(Horn_triumph: Win_3Street_Races_region/Destroy_Camera_Bonus_region*)
in_game01b_cymbal,1,(1)(In_game01b_Cymbal: M3_drama_region),0,(0),1,(1)(In_game01b_Cymbal: M7_drama_region),0,(0),0,(0),0,(0),1,(1)(In_game01b_Cymbal: Bonus_drama_region)
in_game01b_drama,1,(1)(In_game01b_Drama: M3_drama_region),0,(0),1,(1)(In_game01b_Drama: M7_drama_region),0,(0),0,(0),0,(0),1,(1)(In_game01b_Drama: Bonus_drama_region)
in_game01b_end_neg_a,0,(0),0,(0),0,(0),0,(0),0,(0),0,(0),1,(1)(In_game01b_End_Neg_a: Bonus_end_Neg_region)
in_game01b_end_neg_b,1,(1)(In_game01b_End_Neg_b: M3_end_Neg_region),0,(0),1,(1)(In_game01b_End_Neg_b: M7_end_Neg_region),0,(0),0,(0),0,(0),1,(1)(In_game01b_End_Neg_b: Bonus_end_Neg_region)
in_game01b_end_pos,1,(1)(In_game01b_End_Pos: M3_end_Pos_region),0,(0),1,(1)(In_game01b_End_Pos: M7_end_Pos_region),0,(0),0,(0),0,(0),1,(1)(In_game01b_End_Pos: Bonus_end_Pos_region)
in_game01b_end_sus,1,(1)(In_game01b_End_Sus: M3_end_Sus_region),0,(0),1,(1)(In_game01b_End_Sus: M7_end_Sus_region),0,(0),0,(0),0,(0),1,(1)(In_game01b_End_Sus: Bonus_end_Sus_region)
in_game01b_main,1,(1)(In_game01b_Main: M3_main_region/M3_drama_region),0,(0),1,(1)(In_game01b_Main: M7_main_region/M7_drama_region),0,(0),0,(0),0,(0),1,(1)(In_game01b_Main: Bonus_main_region)
land_of_choc_end_neg*,0,(0),0,(0),0,(0),0,(0),0,(0),0,(0),1,(1)(Land_of_Choc_End_Neg: M4_S2_end_Neg_region*)
land_of_choc_end_pos,0,(0),0,(0),0,(0),0,(0),0,(0),0,(0),1,(1)(Land_of_Choc_End_Pos: M4_S2_end_Pos_region)
land_of_choc_main,1,(1)(Land_of_Choc_Main: Credits_region),1,(1)(Land_of_Choc_Main: Credits_region),1,(1)(Land_of_Choc_Main: Credits_region),1,(1)(Land_of_Choc_Main: Credits_region),1,(1)(Land_of_Choc_Main: Credits_region),1,(1)(Land_of_Choc_Main: Credits_region),1,(2)(Land_of_Choc_Main: M4_S2_Main_region/Credits_region)
margesamba_end_neg,0,(0),0,(0),0,(0),1,(1)(MargeSamba_End_Neg: M5_end_Neg_region),0,(0),0,(0),0,(0)
margesamba_end_pos_b3,0,(0),0,(0),0,(0),1,(1)(MargeSamba_End_Pos: M5_end_Pos_region),0,(0),0,(0),0,(0)
margesamba_end_sus,0,(0),0,(0),0,(0),1,(1)(MargeSamba_End_Sus: M5_end_Sus_region),0,(0),0,(0),0,(0)
margesamba_intro,0,(0),0,(0),0,(0),1,(1)(MargeSamba_Intro: M5_start_region),0,(0),0,(0),0,(0)
margesamba_main,0,(0),0,(0),0,(0),1,(1)(MargeSamba_Main: M5_start_region),0,(0),0,(0),0,(0)
marge_mission01b_end_neg,0,(0),0,(0),0,(0),1,(2)(M3_End_Neg: M3_end_Neg_region)(M7_S1_End_Neg: M7_S1_end_Neg_region),0,(0),0,(0),0,(0)
marge_mission01b_end_pos,0,(0),0,(0),0,(0),1,(2)(M3_End_Pos: M3_end_Pos_region)(M7_S1_End_Pos: M7_S1_end_Pos_region*),0,(0),0,(0),0,(0)
marge_mission01b_end_sus1,0,(0),0,(0),0,(0),1,(2)(M3_End_Sus: M3_end_Sus_region)(M7_S1_End_Sus: M7_S1_end_Sus_region),0,(0),0,(0),0,(0)
marge_mission01b_end_sus2,0,(0),0,(0),0,(0),1,(2)(M3_End_Sus2: M3_end_Sus_region)(M7_S1_End_Sus2: M7_S1_end_Sus_region),0,(0),0,(0),0,(0)
marge_mission01b_main,0,(0),0,(0),0,(0),1,(2)(M3_Main: M3_main_region)(M7_S1_Main: M7_S1_main_region),0,(0),0,(0),0,(0)
motown_end_neg,1,(1)(M5_End_Neg: M5_end_Neg_region),0,(0),1,(1)(M6_End_Neg: M6_end_Neg_region),0,(0),0,(0),0,(0),0,(0)
motown_end_pos,1,(1)(M5_End_Pos: M5_end_Pos_region),0,(0),1,(1)(M6_End_Pos: M6_end_Pos_region),0,(0),0,(0),0,(0),0,(0)
motown_end_sus,1,(1)(M5_End_Sus: M5_end_Sus_region*),0,(0),1,(2)(Sunday_Drive_End_Sus: Sunday_Drive_Sus_region)(M6_End_Sus: M6_end_Sus_region),0,(0),0,(0),0,(0),0,(0)
motown_intro,1,(1)(M5_Intro: M5_main_region),0,(0),1,(1)(M5_Intro: M5_main_region),0,(0),0,(0),0,(0),0,(0)
motown_intro_end_neg,0,(0),0,(0),1,(1)(M5_End_Neg: M5_end_Neg_region),0,(0),0,(0),0,(0),0,(0)
motown_intro_end_pos,0,(0),0,(0),1,(1)(M5_End_Pos: M5_end_Pos_region),0,(0),0,(0),0,(0),0,(0)
motown_intro_end_sus,0,(0),0,(0),1,(1)(M5_End_Sus: M5_end_Sus_region),0,(0),0,(0),0,(0),0,(0)
motown_main,0,(0),0,(0),1,(2)(Sunday_Drive: Sunday_Drive_region)(M6_Main: M6_start_region),0,(0),0,(0),0,(0),0,(0)
muzak,1,(1)(Muzak: Store_region),1,(1)(Muzak: Store_region),1,(1)(Muzak: Store_region),1,(1)(Muzak: Store_region),1,(1)(Muzak: Store_region),1,(1)(Muzak: Store_region),1,(1)(Muzak: Store_region)
newspaper_spin01,1,(1)(FE_trans04: FE_trans02),1,(1)(FE_trans04: FE_trans02),1,(1)(FE_trans04: FE_trans02),1,(1)(FE_trans04: FE_trans02),1,(1)(FE_trans04: FE_trans02),1,(1)(FE_trans04: FE_trans02),1,(1)(FE_trans04: FE_trans02)
newspaper_spin02,1,(1)(FE_trans05: FE_trans02),1,(1)(FE_trans05: FE_trans02),1,(1)(FE_trans05: FE_trans02),1,(1)(FE_trans05: FE_trans02),1,(1)(FE_trans05: FE_trans02),1,(1)(FE_trans05: FE_trans02),1,(1)(FE_trans05: FE_trans02)
nick_end_neg,0,(0),1,(1)(Nick_End_Neg: M6_end_Neg_region),0,(0),1,(1)(Nick_End_Neg: M6_end_Neg_region),0,(0),0,(0),0,(0)
nick_end_pos,0,(0),1,(1)(Nick_End_Pos: M6_end_Pos_region),0,(0),1,(1)(Nick_End_Pos: M6_end_Pos_region),0,(0),0,(0),0,(0)
nick_end_sus*,0,(0),1,(1)(Nick_End_Sus: N/A),0,(0),1,(1)(Nick_End_Sus: M6_end_Sus_region*),0,(0),0,(0),0,(0)
nick_intro,0,(0),1,(1)(Nick_Intro: M6_start_region/M6_end_Sus_region),0,(0),1,(1)(Nick_Intro: M6_start_region),0,(0),0,(0),0,(0)
nick_main,0,(0),1,(1)(Nick_Main: M6_start_region/M6_end_Sus_region),0,(0),1,(1)(Nick_Main: M6_start_region),0,(0),0,(0),0,(0)
orch_chase01_drama,1,(1)(Orch_Chase01_Drama: M7_drama_region),0,(0),0,(0),1,(1)(Orch_Chase01_Drama: M4_drama_region*),0,(0),0,(0),1,(1)(Orch_Chase01_Drama: M7_drama_region*)
orch_chase01_drama_pickup_b3,1,(1)(Orch_Chase01_Drama_Pickup: M7_drama_region),0,(0),0,(0),1,(1)(Orch_Chase01_Drama_Pickup: M4_drama_region*),0,(0),0,(0),1,(1)(Orch_Chase01_Drama_Pickup: M7_drama_region*)
orch_chase01_end_neg_b4,1,(1)(Orch_Chase01_End_Neg: M7_end_Neg_region),0,(0),0,(0),1,(1)(Orch_Chase01_End_Neg: M4_end_Neg_region),1,(1)(Orch_Chase01_End_Neg: M2_end_Neg_region),1,(1)(Orch_Chase01_End_Neg: M4_end_Neg_region),1,(1)(Orch_Chase01_End_Neg: M7_end_Neg_region)
orch_chase01_end_pos_b3,1,(1)(Orch_Chase01_End_Pos: M7_end_Pos_region),0,(0),0,(0),1,(1)(Orch_Chase01_End_Pos: M4_end_Pos_region),1,(1)(Orch_Chase01_End_Pos: M2_end_Pos_region),1,(1)(Orch_Chase01_End_Pos: M4_end_Pos_region),1,(1)(Orch_Chase01_End_Pos: M7_end_Pos_region)
orch_chase01_end_sus,1,(1)(Orch_Chase01_End_Sus: M7_end_Sus_region),0,(0),0,(0),1,(1)(Orch_Chase01_End_Sus: M4_end_Sus_region),1,(1)(Orch_Chase01_End_Sus: M2_end_Sus_region),1,(1)(Orch_Chase01_End_Sus: M4_end_Sus_region),1,(1)(Orch_Chase01_End_Sus: M7_end_Sus_region)
orch_chase01_main,1,(1)(Orch_Chase01_Main: M7_main_region/M7_drama_region),0,(0),0,(0),1,(1)(Orch_Chase01_Main: M4_main_region/M4_drama_region*),1,(1)(Orch_Chase01_Main: M2_main_region),1,(1)(Orch_Chase01_Main: M4_main_region),1,(1)(Orch_Chase01_Main: M7_main_region/M7_drama_region*)
orch_chase01_pickup,1,(1)(Orch_Chase01_Pickup: M7_main_region),0,(0),0,(0),1,(1)(Orch_Chase01_Pickup: M4_main_region),1,(1)(Orch_Chase01_Intro: M2_main_region),1,(1)(Orch_Chase01_Intro: M4_main_region),1,(1)(Orch_Chase01_Pickup: M7_main_region)
otto_chase,0,(0),0,(0),1,(1)(Otto_Chase: M4_Main_region),0,(0),0,(0),1,(1)(Otto_Chase: M1_Main_region),0,(0)
otto_chase_end_neg1,0,(0),0,(0),1,(1)(Otto_Chase_End_Neg1: M4_end_Neg_region),0,(0),0,(0),1,(1)(Otto_Chase_End_Neg1: M1_end_Neg_region),0,(0)
otto_chase_end_pos1,0,(0),0,(0),1,(1)(Otto_Chase_End_Pos1: M4_end_Pos_region),0,(0),0,(0),1,(1)(Otto_Chase_End_Pos1: M1_end_Pos_region),0,(0)
otto_chase_end_sus1,0,(0),0,(0),1,(1)(Otto_Chase_End_Sus1: M4_end_Sus_region),0,(0),0,(0),1,(1)(Otto_Chase_End_Sus1: M1_end_Sus_region),0,(0)
powerplant_10sec*,1,(1)(PowerPlant_10sec: M4_10sec_region*),0,(0),0,(0),1,(1)(PowerPlant_10sec: Bonus_10sec_region*),0,(0),0,(0),0,(0)
powerplant_end_neg,1,(1)(PowerPlant_End_Neg: M4_end_Neg_region),0,(0),0,(0),1,(1)(PowerPlant_End_Neg: Bonus_end_Neg_region),0,(0),0,(0),0,(0)
powerplant_end_pos,1,(1)(PowerPlant_End_Pos: M4_end_Pos_region),0,(0),0,(0),1,(1)(PowerPlant_End_Pos: Bonus_end_Pos_region),0,(0),0,(0),0,(0)
powerplant_main,1,(1)(PowerPlant_Main: M4_Main_region),0,(0),0,(0),1,(1)(PowerPlant_Main: Bonus_Main_region),0,(0),0,(0),0,(0)
scarymusic01*,0,(0),0,(0),0,(0),0,(0),0,(0),0,(0),1,(1)(ScaryMusic01: OF_Apu_Oasis_region*)
simpsons_theme,1,(1)(Simpsons_Theme: FE_region),1,(1)(Simpsons_Theme: FE_region),1,(1)(Simpsons_Theme: FE_region),1,(1)(Simpsons_Theme: FE_region),1,(1)(Simpsons_Theme: FE_region),1,(1)(Simpsons_Theme: FE_region),1,(1)(Simpsons_Theme: FE_region)
social_club,1,(1)(Social_Club: Social_Club_region),1,(1)(Social_Club: Social_Club_region),1,(1)(Social_Club: Social_Club_region),1,(1)(Social_Club: Social_Club_region),1,(1)(Social_Club: Social_Club_region),1,(1)(Social_Club: Social_Club_region),1,(1)(Social_Club: Social_Club_region)
stone_cutter_spoof*,1,(1)(Stone_Cutter_Spoof: StoneCutters_region*),1,(1)(Stone_Cutter_Spoof: StoneCutters_region*),1,(1)(Stone_Cutter_Spoof: StoneCutters_region*),1,(1)(Stone_Cutter_Spoof: StoneCutters_region*),1,(1)(Stone_Cutter_Spoof: StoneCutters_region*),1,(1)(Stone_Cutter_Spoof: StoneCutters_region*),1,(1)(Stone_Cutter_Spoof: StoneCutters_region*)
streetracer_anthem,1,(1)(StreetRacer_Anthem: street_race2_start_region),1,(1)(StreetRacer_Anthem: street_race2_start_region),1,(1)(StreetRacer_Anthem: street_race2_start_region),1,(1)(StreetRacer_Anthem: street_race2_start_region),1,(1)(StreetRacer_Anthem: street_race2_start_region),1,(1)(StreetRacer_Anthem: street_race2_start_region),1,(1)(StreetRacer_Anthem: street_race2_start_region)
streetracer_end_neg1,1,(1)(StreetRacer_End_Neg1: lose_street_race2_region),1,(1)(StreetRacer_End_Neg1: lose_street_race2_region),1,(1)(StreetRacer_End_Neg1: lose_street_race2_region),1,(1)(StreetRacer_End_Neg1: lose_street_race2_region),1,(1)(StreetRacer_End_Neg1: lose_street_race2_region),1,(1)(StreetRacer_End_Neg1: lose_street_race2_region),1,(1)(StreetRacer_End_Neg1: lose_street_race2_region)
streetracer_end_neg2,1,(1)(StreetRacer_End_Neg2: lose_street_race2_region),1,(1)(StreetRacer_End_Neg2: lose_street_race2_region),1,(1)(StreetRacer_End_Neg2: lose_street_race2_region),1,(1)(StreetRacer_End_Neg2: lose_street_race2_region),1,(1)(StreetRacer_End_Neg2: lose_street_race2_region),1,(1)(StreetRacer_End_Neg2: lose_street_race2_region),1,(1)(StreetRacer_End_Neg2: lose_street_race2_region)
streetracer_end_pos2,1,(1)(StreetRacer_End_Pos2: win_street_race2_region),1,(1)(StreetRacer_End_Pos2: win_street_race2_region),1,(1)(StreetRacer_End_Pos2: win_street_race2_region),1,(1)(StreetRacer_End_Pos2: win_street_race2_region),1,(1)(StreetRacer_End_Pos2: win_street_race2_region),1,(1)(StreetRacer_End_Pos2: win_street_race2_region),1,(1)(StreetRacer_End_Pos2: win_street_race2_region)
streetracer_end_sus1,1,(1)(StreetRacer_End_Sus1: getoutofcar_street_race2_region),1,(1)(StreetRacer_End_Sus1: getoutofcar_street_race2_region),1,(1)(StreetRacer_End_Sus1: getoutofcar_street_race2_region),1,(1)(StreetRacer_End_Sus1: getoutofcar_street_race2_region),1,(1)(StreetRacer_End_Sus1: getoutofcar_street_race2_region),1,(1)(StreetRacer_End_Sus1: getoutofcar_street_race2_region),1,(1)(StreetRacer_End_Sus1: getoutofcar_street_race2_region)
sunday_drive,1,(1)(Sunday_Drive: Sunday_Drive_region),0,(0),1,(1)(Bonus_main: Bonus_main_region),1,(1)(Sunday_Drive: Sunday_Drive_region),0,(0),0,(0),0,(0)
sunday_drive_end_sus1,1,(1)(Sunday_Drive_End_Sus1: Sunday_Drive_Sus_region),0,(0),1,(1)(Bonus_end_Neg: Bonus_end_Neg_region),1,(1)(Sunday_Drive_End_Sus1: Sunday_Drive_Sus_region),0,(0),0,(0),0,(0)
sunday_drive_end_sus2,1,(1)(M0_End_Pos: M0_End_Pos_region),0,(0),1,(1)(Bonus_end_Pos: Bonus_end_Pos_region),0,(0),0,(0),0,(0),0,(0)
sunday_drive_end_sus3,1,(1)(Sunday_Drive_End_Sus3: Sunday_Drive_Sus_region),0,(0),1,(1)(Bonus_end_Sus: Bonus_end_Sus_region),1,(1)(Sunday_Drive_End_Sus3: Sunday_Drive_Sus_region),0,(0),0,(0),0,(0)
sunday_drive_intro,1,(1)(Sunday_Drive_Intro: Sunday_Drive_region),0,(0),1,(1)(Bonus_intro: Bonus_main_region),1,(1)(Sunday_Drive_Intro: Sunday_Drive_region),1,(1)(Sunday_Drive_Intro: N/A),0,(0),0,(0)
ufo_end_neg_b4,0,(0),0,(0),0,(0),0,(0),0,(0),0,(0),1,(2)(UFO_End_Neg: M2_end_Neg_region/M5_end_Neg_region)
ufo_end_pos_b4,0,(0),0,(0),0,(0),0,(0),0,(0),0,(0),1,(2)(UFO_End_Pos: M2_end_Pos_region/M5_end_Pos_region)
ufo_end_sus_b4,0,(0),0,(0),0,(0),0,(0),0,(0),0,(0),1,(2)(UFO_End_Sus: M2_end_Sus_region/M5_end_Sus_region)
ufo_main,0,(0),0,(0),0,(0),0,(0),0,(0),0,(0),1,(2)(UFO_Main: M2_main_region/M5_main_region)
vivaldi,1,(1)(Vivaldi: StoneCutters_Tunnel_region),1,(1)(Vivaldi: StoneCutters_Tunnel_region),1,(1)(Vivaldi: StoneCutters_Tunnel_region),1,(1)(Vivaldi: StoneCutters_Tunnel_region),1,(1)(Vivaldi: StoneCutters_Tunnel_region),1,(1)(Vivaldi: StoneCutters_Tunnel_region),0,(0)
apu\apu_reward01,0,(0),0,(0),0,(0),0,(0),1,(1)(Apu_Reward01: OF_found_card_region),0,(0),0,(0)
apu\apu_reward03,0,(0),0,(0),0,(0),0,(0),1,(1)(Apu_Reward03: OF_found_card_region),0,(0),0,(0)
apu\kwik_e_mart_muzak,1,(1)(KwikEmart: KwikEmart_region),1,(1)(KwikEmart: KwikEmart_region),1,(1)(KwikEmart: KwikEmart_region),1,(1)(KwikEmart: KwikEmart_region),1,(1)(KwikEmart: KwikEmart_region),1,(1)(KwikEmart: KwikEmart_region),0,(0)
apu\kwik_e_mart_muzak02,0,(0),0,(0),0,(0),0,(0),0,(0),0,(0),1,(1)(KwikEmart: KwikEmart_region)
apu\sitar_hoa01,0,(0),0,(0),0,(0),0,(0),1,(1)(Sitar_HOA01: OF_explore_region),0,(0),0,(0)
apu\sitar_hoa02,0,(0),0,(0),0,(0),0,(0),1,(1)(Sitar_HOA02: OF_explore_region),0,(0),0,(0)
apu\sitar_hoa03,0,(0),0,(0),0,(0),0,(0),1,(2)(Sitar_HOA03: Level_Intro_region),0,(0),0,(0)
apu\sitar_hoa04,0,(0),0,(0),0,(0),0,(0),1,(1)(Sitar_HOA04: OF_explore_region),0,(0),0,(0)
apu\sitar_hoa05,0,(0),0,(0),0,(0),0,(0),1,(1)(Sitar_HOA05: OF_explore_region),0,(0),0,(0)
apu\sitar_hoa06,0,(0),0,(0),0,(0),0,(0),1,(1)(Sitar_HOA06: OF_explore_region),0,(0),0,(0)
apu\sitar_hoa07,0,(0),0,(0),0,(0),0,(0),1,(1)(Sitar_HOA07: OF_explore_region),0,(0),0,(0)
apu\sitar_hoa08,0,(0),0,(0),0,(0),0,(0),1,(1)(Sitar_HOA08: OF_explore_region),0,(0),0,(0)
apu\sitar_hoa09,0,(0),0,(0),0,(0),0,(0),1,(1)(Sitar_HOA09: OF_explore_region),0,(0),0,(0)
apu\sitar_hoa10,0,(0),0,(0),0,(0),0,(0),1,(1)(Sitar_HOA10: OF_explore_region),0,(0),0,(0)
apu\sitar_hoa11,0,(0),0,(0),0,(0),0,(0),1,(1)(Sitar_HOA11: OF_explore_region),0,(0),0,(0)
apu\sitar_hoa12,0,(0),0,(0),0,(0),0,(0),1,(1)(Sitar_HOA12: OF_explore_region),0,(0),0,(0)
apu\sitar_hoa13,0,(0),0,(0),0,(0),0,(0),1,(1)(Sitar_HOA13: OF_explore_region),0,(0),0,(0)
apu\sitar_hoa14,0,(0),0,(0),0,(0),0,(0),1,(1)(Sitar_HOA14: OF_explore_region),0,(0),0,(0)
apu\sitar_hoa15,0,(0),0,(0),0,(0),0,(0),1,(1)(Sitar_HOA15: OF_explore_region),0,(0),0,(0)
apu\sitar_hoa16,0,(0),0,(0),0,(0),0,(0),1,(1)(Sitar_HOA16: OF_explore_region),0,(0),0,(0)
apu\sitar_hoa17,0,(0),0,(0),0,(0),0,(0),1,(1)(Sitar_HOA17: OF_explore_region),0,(0),0,(0)
apu\sitar_hoa18,0,(0),0,(0),0,(0),0,(0),1,(1)(Sitar_HOA18: OF_explore_region),0,(0),0,(0)
apu\sitar_hoa19,0,(0),0,(0),0,(0),0,(0),1,(1)(Sitar_HOA19: OF_explore_region),0,(0),0,(0)
apu\sitar_hoa20,0,(0),0,(0),0,(0),0,(0),1,(1)(Sitar_HOA20: OF_explore_region),0,(0),0,(0)
apu\sitar_hoa21,0,(0),0,(0),0,(0),0,(0),1,(1)(Sitar_HOA21: OF_explore_region),0,(0),0,(0)
apu\sitar_hoa22,0,(0),0,(0),0,(0),0,(0),1,(1)(Sitar_HOA22: OF_explore_region),0,(0),0,(0)
apu\sitar_hoa23,0,(0),0,(0),0,(0),0,(0),1,(1)(Sitar_HOA23: OF_explore_region),0,(0),0,(0)
apu\sitar_hoa24,0,(0),0,(0),0,(0),0,(0),1,(1)(Sitar_HOA24: OF_explore_region),0,(0),0,(0)
apu\sitar_hoa25,0,(0),0,(0),0,(0),0,(0),1,(1)(Sitar_HOA25: OF_explore_region),0,(0),0,(0)
apu\sitar_hoa26,0,(0),0,(0),0,(0),0,(0),1,(1)(Sitar_HOA26: Entering_Building_region),0,(0),0,(0)
apu\sitar_hoa27,0,(0),0,(0),0,(0),0,(0),1,(1)(Sitar_HOA27: Entering_Building_region),0,(0),0,(0)
apu\sitar_hoa28,0,(0),0,(0),0,(0),0,(0),1,(1)(Sitar_HOA28: Entering_Building_region),0,(0),0,(0)
apu\sitar_hoa29,0,(0),0,(0),0,(0),0,(0),1,(1)(Sitar_HOA29: Entering_Building_region),0,(0),0,(0)
apu\sitar_orch001,0,(0),0,(0),0,(0),0,(0),1,(1)(Sitar_Orch001: OF_explore_region/Sunday_Drive_region),0,(0),0,(0)
apu\sitar_orch002,0,(0),0,(0),0,(0),0,(0),1,(1)(Sitar_Orch002: OF_explore_region/Sunday_Drive_region),0,(0),0,(0)
apu\sitar_orch004,0,(0),0,(0),0,(0),0,(0),1,(1)(Sitar_Orch004: OF_explore_region/Sunday_Drive_region),0,(0),0,(0)
apu\sitar_orch005,0,(0),0,(0),0,(0),0,(0),1,(1)(Sitar_Orch005: OF_explore_region/Sunday_Drive_region),0,(0),0,(0)
apu\sitar_orch006,0,(0),0,(0),0,(0),0,(0),1,(1)(Sitar_Orch006: OF_explore_region/Sunday_Drive_region),0,(0),0,(0)
apu\sitar_orch007,0,(0),0,(0),0,(0),0,(0),1,(1)(Sitar_Orch007: OF_explore_region/Sunday_Drive_region),0,(0),0,(0)
apu\sitar_orch008,0,(0),0,(0),0,(0),0,(0),1,(1)(Sitar_Orch008: OF_explore_region/Sunday_Drive_region),0,(0),0,(0)
apu\sitar_orch009,0,(0),0,(0),0,(0),0,(0),1,(1)(Sitar_Orch009: OF_explore_region/Sunday_Drive_region),0,(0),0,(0)
apu\sitar_orch010,0,(0),0,(0),0,(0),0,(0),1,(1)(Sitar_Orch010: OF_explore_region),0,(0),0,(0)
apu\sitar_orch011,0,(0),0,(0),0,(0),0,(0),1,(1)(Sitar_Orch011: OF_explore_region/Sunday_Drive_region),0,(0),0,(0)
bart\bart_guit_001,0,(0),1,(1)(Bart_Guit_001: OF_explore_region),0,(0),0,(0),0,(0),1,(1)(Bart_Guit_001: OF_explore_region),0,(0)
bart\bart_guit_002,0,(0),1,(2)(Bart_Guit_002: Level_Intro_region),0,(0),0,(0),0,(0),1,(1)(Bart_Guit_002: OF_explore_region),0,(0)
bart\bart_guit_003,0,(0),1,(1)(Bart_Guit_003: OF_explore_region),0,(0),0,(0),0,(0),1,(1)(Bart_Guit_003: OF_explore_region),0,(0)
bart\bart_guit_004,0,(0),1,(1)(Bart_Guit_004: OF_explore_region),0,(0),0,(0),0,(0),1,(1)(Bart_Guit_004: OF_explore_region),0,(0)
bart\bart_guit_005,0,(0),1,(1)(Bart_Guit_005: OF_explore_region),0,(0),0,(0),0,(0),1,(1)(Bart_Guit_005: OF_explore_region),0,(0)
bart\bart_guit_006,0,(0),1,(2)(Bart_Guit_006: OF_explore_region),0,(0),0,(0),0,(0),1,(2)(Bart_Guit_006: OF_explore_region),0,(0)
bart\bart_guit_007,0,(0),1,(1)(Bart_Guit_007: OF_explore_region/Win_3Street_Races_region/Destroy_Camera_Bonus_region*),0,(0),0,(0),0,(0),1,(1)(Bart_Guit_007: OF_explore_region/OF_Success_region),0,(0)
bart\bart_guit_008,0,(0),1,(1)(Bart_Guit_008: OF_explore_region),0,(0),0,(0),0,(0),1,(1)(Bart_Guit_008: OF_explore_region),0,(0)
bart\bart_guit_009,0,(0),1,(1)(Bart_Guit_009: OF_explore_region),0,(0),0,(0),0,(0),1,(1)(Bart_Guit_009: OF_explore_region),0,(0)
bart\bart_guit_010,0,(0),1,(2)(Bart_Guit_010: OF_explore_region),0,(0),0,(0),0,(0),1,(2)(Bart_Guit_010: OF_explore_region),0,(0)
bart\bart_guit_011,0,(0),1,(1)(Bart_Guit_011: OF_explore_region),0,(0),0,(0),0,(0),1,(1)(Bart_Guit_011: OF_explore_region),0,(0)
bart\bart_guit_012,0,(0),1,(1)(Bart_Guit_012: OF_explore_region),0,(0),0,(0),0,(0),1,(1)(Bart_Guit_012: OF_explore_region),0,(0)
bart\bart_guit_013,0,(0),1,(1)(Bart_Guit_013: OF_explore_region),0,(0),0,(0),0,(0),1,(1)(Bart_Guit_013: OF_explore_region),0,(0)
bart\bart_guit_014,0,(0),1,(1)(Bart_Guit_014: OF_explore_region),0,(0),0,(0),0,(0),1,(1)(Bart_Guit_014: OF_explore_region),0,(0)
bart\bart_guit_015,0,(0),1,(1)(Bart_Guit_015: OF_explore_region),0,(0),0,(0),0,(0),1,(1)(Bart_Guit_015: OF_explore_region),0,(0)
bart\bart_guit_016,0,(0),1,(1)(Bart_Guit_016: OF_explore_region),0,(0),0,(0),0,(0),1,(1)(Bart_Guit_016: OF_explore_region),0,(0)
bart\bart_guit_017,0,(0),1,(1)(Bart_Guit_017: OF_explore_region),0,(0),0,(0),0,(0),1,(1)(Bart_Guit_017: OF_explore_region),0,(0)
bart\bart_guit_018,0,(0),1,(1)(Bart_Guit_018: OF_explore_region),0,(0),0,(0),0,(0),1,(1)(Bart_Guit_018: OF_explore_region),0,(0)
bart\bart_guit_019,0,(0),1,(1)(Bart_Guit_019: OF_explore_region),0,(0),0,(0),0,(0),1,(1)(Bart_Guit_019: OF_explore_region),0,(0)
bart\bart_guit_020,0,(0),1,(1)(Bart_Guit_020: OF_explore_region),0,(0),0,(0),0,(0),1,(1)(Bart_Guit_020: OF_explore_region),0,(0)
bart\bart_guit_021,0,(0),1,(1)(Bart_Guit_021: OF_explore_region),0,(0),0,(0),0,(0),1,(1)(Bart_Guit_021: OF_explore_region),0,(0)
bart\bart_guit_022,0,(0),1,(1)(Bart_Guit_022: OF_explore_region),0,(0),0,(0),0,(0),1,(1)(Bart_Guit_022: OF_explore_region),0,(0)
bart\bart_guit_023,0,(0),1,(2)(Bart_Guit_023: OF_explore_region),0,(0),0,(0),0,(0),1,(3)(Bart_Guit_023: Level_Intro_region),0,(0)
bart\bart_guit_024,0,(0),1,(1)(Bart_Guit_024: OF_explore_region),0,(0),0,(0),0,(0),1,(1)(Bart_Guit_024: OF_explore_region),0,(0)
bart\bart_guit_025,0,(0),1,(1)(Bart_Guit_025: OF_explore_region),0,(0),0,(0),0,(0),1,(1)(Bart_Guit_025: OF_explore_region),0,(0)
bart\bart_guit_026,0,(0),1,(1)(Bart_Guit_026: OF_explore_region),0,(0),0,(0),0,(0),1,(1)(Bart_Guit_026: OF_explore_region),0,(0)
bart\bart_guit_027,0,(0),1,(1)(Bart_Guit_027: OF_explore_region),0,(0),0,(0),0,(0),1,(1)(Bart_Guit_027: OF_explore_region),0,(0)
bart\bart_guit_028,0,(0),1,(1)(Bart_Guit_028: OF_explore_region),0,(0),0,(0),0,(0),1,(1)(Bart_Guit_028: OF_explore_region),0,(0)
bart\bart_guit_029,0,(0),1,(1)(Bart_Guit_029: OF_explore_region),0,(0),0,(0),0,(0),1,(1)(Bart_Guit_029: OF_explore_region),0,(0)
bart\bart_guit_030,0,(0),1,(1)(Bart_Guit_030: OF_explore_region),0,(0),0,(0),0,(0),1,(1)(Bart_Guit_030: OF_explore_region),0,(0)
bart\bart_guit_031,0,(0),1,(1)(Bart_Guit_031: OF_explore_region),0,(0),0,(0),0,(0),1,(1)(Bart_Guit_031: OF_explore_region),0,(0)
bart\bart_guit_032,0,(0),1,(1)(Bart_Guit_032: OF_explore_region),0,(0),0,(0),0,(0),1,(1)(Bart_Guit_032: OF_explore_region),0,(0)
bart\bart_guit_033,0,(0),1,(1)(Bart_Guit_033: OF_explore_region),0,(0),0,(0),0,(0),1,(1)(Bart_Guit_033: OF_explore_region),0,(0)
bart\bart_guit_034,0,(0),1,(1)(Bart_Guit_034: OF_explore_region),0,(0),0,(0),0,(0),1,(1)(Bart_Guit_034: OF_explore_region),0,(0)
bart\bart_guit_035,0,(0),1,(1)(Bart_Guit_035: OF_explore_region),0,(0),0,(0),0,(0),1,(1)(Bart_Guit_035: OF_explore_region),0,(0)
bart\bart_guit_036,0,(0),1,(1)(Bart_Guit_036: OF_explore_region),0,(0),0,(0),0,(0),1,(1)(Bart_Guit_036: OF_explore_region),0,(0)
bart\bart_guit_037,0,(0),1,(1)(Bart_Guit_037: OF_explore_region),0,(0),0,(0),0,(0),1,(1)(Bart_Guit_037: OF_explore_region),0,(0)
bart\bart_guit_038,0,(0),1,(1)(Bart_Guit_038: OF_explore_region),0,(0),0,(0),0,(0),1,(1)(Bart_Guit_038: OF_explore_region),0,(0)
bart\bart_guit_039,0,(0),1,(1)(Bart_Guit_039: OF_explore_region),0,(0),0,(0),0,(0),1,(1)(Bart_Guit_039: OF_explore_region),0,(0)
bart\bart_guit_040,0,(0),1,(1)(Bart_Guit_040: OF_explore_region),0,(0),0,(0),0,(0),1,(1)(Bart_Guit_040: OF_explore_region),0,(0)
bart\bart_guit_041,0,(0),1,(1)(Bart_Guit_041: Entering_Building_region),0,(0),0,(0),0,(0),1,(2)(Bart_Guit_041: Entering_Building_region),0,(0)
bart\bart_guit_042,0,(0),1,(1)(Bart_Guit_042: Entering_Building_region),0,(0),0,(0),0,(0),1,(2)(Bart_Guit_042: Entering_Building_region),0,(0)
bart\bart_guit_043,0,(0),1,(1)(Bart_Guit_043: Entering_Building_region),0,(0),0,(0),0,(0),1,(2)(Bart_Guit_043: Entering_Building_region),0,(0)
bart\bart_guit_044,0,(0),1,(1)(Bart_Guit_044: Entering_Building_region),0,(0),0,(0),0,(0),1,(2)(Bart_Guit_044: Entering_Building_region),0,(0)
bart\gtr_lick01,0,(0),1,(1)(Gtr_Lick01: OF_found_card_region),0,(0),0,(0),0,(0),1,(1)(Gtr_Lick01: OF_found_card_region),0,(0)
bart\gtr_lick02,0,(0),1,(1)(Gtr_Lick02: OF_found_card_region),0,(0),0,(0),0,(0),1,(1)(Gtr_Lick02: OF_found_card_region),0,(0)
bart\gtr_lick03,0,(0),1,(1)(Gtr_Lick03: OF_found_card_region),0,(0),0,(0),0,(0),1,(1)(Gtr_Lick03: OF_found_card_region),0,(0)
generic\horn_blast,1,(1)(Horn_Blast: Gated_Mission_region),1,(1)(Horn_Blast: Gated_Mission_region),1,(1)(Horn_Blast: Gated_Mission_region),1,(1)(Horn_Blast: Gated_Mission_region),1,(1)(Horn_Blast: Gated_Mission_region),1,(1)(Horn_Blast: Gated_Mission_region),1,(1)(Horn_Blast: Gated_Mission_region)
generic\of_explore09,0,(0),0,(0),0,(0),1,(1)(OF_explore09: OF_explore_region),0,(0),0,(0),0,(0)
generic\of_explore10,0,(0),0,(0),0,(0),1,(1)(OF_explore10: OF_explore_region),0,(0),0,(0),0,(0)
generic\of_explore11,0,(0),0,(0),0,(0),1,(1)(OF_explore11: OF_explore_region),0,(0),0,(0),0,(0)
generic\of_explore12,0,(0),0,(0),0,(0),1,(1)(OF_explore12: OF_explore_region),0,(0),0,(0),0,(0)
generic\of_explore13,0,(0),0,(0),0,(0),1,(1)(OF_explore13: OF_explore_region),0,(0),0,(0),0,(0)
generic\of_explore14,0,(0),0,(0),0,(0),1,(1)(OF_explore14: OF_explore_region),0,(0),0,(0),0,(0)
generic\of_explore15,0,(0),0,(0),0,(0),1,(1)(OF_explore15: OF_explore_region),0,(0),0,(0),0,(0)
generic\of_explore16,0,(0),0,(0),0,(0),1,(1)(OF_explore16: OF_explore_region),0,(0),0,(0),0,(0)
generic\of_explore17,0,(0),0,(0),0,(0),1,(1)(OF_explore17: OF_explore_region),0,(0),0,(0),0,(0)
generic\of_explore18,0,(0),0,(0),0,(0),1,(1)(OF_explore18: OF_explore_region),0,(0),0,(0),0,(0)
generic\of_explore19,0,(0),0,(0),0,(0),1,(1)(OF_explore19: OF_explore_region),0,(0),0,(0),0,(0)
generic\of_time_out01*,0,(0),1,(1)(OF_time_out01: OF_time_out_region*),1,(1)(OF_time_out01: OF_time_out_region*),1,(1)(OF_time_out01: OF_time_out_region*),1,(1)(OF_time_out01: N/A),1,(1)(OF_time_out01: OF_time_out_region*),0,(0)
generic\of_time_out02*,0,(0),1,(1)(OF_time_out02: OF_time_out_region*),1,(1)(OF_time_out02: OF_time_out_region*),1,(1)(OF_time_out02: OF_time_out_region*),1,(1)(OF_time_out02: N/A),1,(1)(OF_time_out02: OF_time_out_region*),0,(0)
halloween\halloween01,0,(0),0,(0),0,(0),0,(0),0,(0),0,(0),1,(1)(Halloween01: OF_explore_region)
halloween\halloween02,0,(0),0,(0),0,(0),0,(0),0,(0),0,(0),1,(1)(Halloween02: OF_explore_region)
halloween\halloween03,0,(0),0,(0),0,(0),0,(0),0,(0),0,(0),1,(1)(Halloween03: OF_explore_region)
halloween\halloween04,0,(0),0,(0),0,(0),0,(0),0,(0),0,(0),1,(1)(Halloween04: OF_explore_region)
halloween\halloween05,0,(0),0,(0),0,(0),0,(0),0,(0),0,(0),1,(1)(Halloween05: OF_explore_region)
halloween\halloween06,0,(0),0,(0),0,(0),0,(0),0,(0),0,(0),1,(1)(Halloween06: OF_explore_region)
halloween\halloween07,0,(0),0,(0),0,(0),0,(0),0,(0),0,(0),1,(1)(Halloween07: OF_explore_region)
halloween\halloween08,0,(0),0,(0),0,(0),0,(0),0,(0),0,(0),1,(1)(Halloween08: OF_explore_region)
halloween\halloween09,0,(0),0,(0),0,(0),0,(0),0,(0),0,(0),1,(1)(Halloween09: OF_explore_region)
halloween\halloween10,0,(0),0,(0),0,(0),0,(0),0,(0),0,(0),1,(1)(Halloween10: OF_explore_region)
halloween\halloween11,0,(0),0,(0),0,(0),0,(0),0,(0),0,(0),1,(1)(Halloween11: OF_explore_region)
halloween\halloween12,0,(0),0,(0),0,(0),0,(0),0,(0),0,(0),1,(1)(Halloween12: OF_explore_region)
halloween\halloween13,0,(0),0,(0),0,(0),0,(0),0,(0),0,(0),1,(1)(Halloween13: OF_explore_region)
halloween\halloween14,0,(0),0,(0),0,(0),0,(0),0,(0),0,(0),1,(1)(Halloween14: OF_explore_region)
halloween\halloween15,0,(0),0,(0),0,(0),0,(0),0,(0),0,(0),1,(1)(Halloween15: OF_explore_region)
halloween\halloween16,0,(0),0,(0),0,(0),0,(0),0,(0),0,(0),1,(1)(Halloween16: OF_explore_region)
halloween\halloween17,0,(0),0,(0),0,(0),0,(0),0,(0),0,(0),1,(1)(Halloween17: OF_explore_region)
halloween\halloween18,0,(0),0,(0),0,(0),0,(0),0,(0),0,(0),1,(2)(Halloween18: Level_Intro_region)
halloween\halloween19,0,(0),0,(0),0,(0),0,(0),0,(0),0,(0),1,(1)(Halloween19: OF_explore_region)
halloween\halloween20,0,(0),0,(0),0,(0),0,(0),0,(0),0,(0),1,(1)(Halloween20: OF_explore_region)
halloween\halloween21,0,(0),0,(0),0,(0),0,(0),0,(0),0,(0),1,(1)(Halloween21: OF_explore_region)
halloween\halloween22,0,(0),0,(0),0,(0),0,(0),0,(0),0,(0),1,(1)(Halloween22: OF_explore_region)
halloween\halloween23,0,(0),0,(0),0,(0),0,(0),0,(0),0,(0),1,(1)(Halloween23: Entering_Building_region)
halloween\halloween24,0,(0),0,(0),0,(0),0,(0),0,(0),0,(0),1,(1)(Halloween24: Entering_Building_region)
halloween\of_drama01,0,(0),0,(0),0,(0),0,(0),0,(0),0,(0),1,(1)(OF_Drama01: OF_explore_region)
halloween\of_explore06,0,(0),0,(0),0,(0),0,(0),0,(0),0,(0),1,(1)(OF_explore06: OF_explore_region)
halloween\of_ufo,0,(0),0,(0),0,(0),0,(0),0,(0),0,(0),1,(1)(OF_UFO: OF_explore_region)
halloween\organ_music*,0,(0),0,(0),0,(0),0,(0),0,(0),0,(0),1,(1)(Organ_Music: StoneCutters_Tunnel_region*)
homer\homer_reward01*,1,(1)(Homer_Reward01: N/A),0,(0),0,(0),0,(0),0,(0),0,(0),1,(1)(Homer_Reward01: N/A)
homer\homer_reward02*,1,(1)(Homer_Reward02: N/A),0,(0),0,(0),0,(0),0,(0),0,(0),1,(1)(Homer_Reward02: N/A)
homer\tuba_001,1,(1)(Tuba_001: OF_explore_region),0,(0),0,(0),0,(0),0,(0),0,(0),0,(0)
homer\tuba_002,1,(1)(Tuba_002: OF_explore_region),0,(0),0,(0),0,(0),0,(0),0,(0),0,(0)
homer\tuba_003,1,(2)(Tuba_003: OF_explore_region)(Tuba_004: OF_explore_region),0,(0),0,(0),0,(0),0,(0),0,(0),0,(0)
homer\tuba_005,1,(1)(Tuba_005: Entering_Building_region),0,(0),0,(0),0,(0),0,(0),0,(0),0,(0)
homer\tuba_006,1,(1)(Tuba_006: OF_explore_region),0,(0),0,(0),0,(0),0,(0),0,(0),0,(0)
homer\tuba_007,1,(1)(Tuba_007: OF_explore_region),0,(0),0,(0),0,(0),0,(0),0,(0),0,(0)
homer\tuba_008,1,(1)(Tuba_008: OF_explore_region),0,(0),0,(0),0,(0),0,(0),0,(0),0,(0)
homer\tuba_009,1,(1)(Tuba_009: OF_explore_region),0,(0),0,(0),0,(0),0,(0),0,(0),0,(0)
homer\tuba_010,1,(1)(Tuba_010: OF_explore_region),0,(0),0,(0),0,(0),0,(0),0,(0),0,(0)
homer\tuba_011,1,(1)(Tuba_011: OF_explore_region),0,(0),0,(0),0,(0),0,(0),0,(0),0,(0)
homer\tuba_012,1,(1)(Tuba_012: Entering_Building_region),0,(0),0,(0),0,(0),0,(0),0,(0),0,(0)
homer\tuba_013,1,(1)(Tuba_013: OF_explore_region),0,(0),0,(0),0,(0),0,(0),0,(0),0,(0)
homer\tuba_014,1,(1)(Tuba_014: OF_explore_region),0,(0),0,(0),0,(0),0,(0),0,(0),0,(0)
homer\tuba_015,1,(1)(Tuba_015: OF_explore_region),0,(0),0,(0),0,(0),0,(0),0,(0),0,(0)
homer\tuba_016,1,(1)(Tuba_016: OF_explore_region),0,(0),0,(0),0,(0),0,(0),0,(0),0,(0)
homer\tuba_017,1,(1)(Tuba_017: OF_explore_region),0,(0),0,(0),0,(0),0,(0),0,(0),0,(0)
homer\tuba_018,1,(1)(Tuba_018: OF_explore_region),0,(0),0,(0),0,(0),0,(0),0,(0),0,(0)
homer\tuba_019,1,(1)(Tuba_019: OF_explore_region),0,(0),0,(0),0,(0),0,(0),0,(0),0,(0)
homer\tuba_020,1,(1)(Tuba_020: OF_explore_region),0,(0),0,(0),0,(0),0,(0),0,(0),0,(0)
homer\tuba_021,1,(1)(Tuba_021: OF_explore_region),0,(0),0,(0),0,(0),0,(0),0,(0),0,(0)
homer\tuba_022,1,(1)(Tuba_022: OF_explore_region),0,(0),0,(0),0,(0),0,(0),0,(0),0,(0)
homer\tuba_023,1,(1)(Tuba_023: OF_explore_region),0,(0),0,(0),0,(0),0,(0),0,(0),0,(0)
homer\tuba_025,1,(1)(Tuba_025: OF_explore_region),0,(0),0,(0),0,(0),0,(0),0,(0),0,(0)
homer\tuba_026,1,(1)(Tuba_026: OF_explore_region),0,(0),0,(0),0,(0),0,(0),0,(0),0,(0)
homer\tuba_027,1,(1)(Tuba_027: OF_explore_region),0,(0),0,(0),0,(0),0,(0),0,(0),0,(0)
homer\tuba_028,1,(1)(Tuba_028: OF_explore_region),0,(0),0,(0),0,(0),0,(0),0,(0),1,(1)(Tuba_028: N/A)
homer\tuba_029,1,(1)(Tuba_029: OF_explore_region),0,(0),0,(0),0,(0),0,(0),0,(0),0,(0)
homer\tuba_030,1,(1)(Tuba_030: OF_explore_region),0,(0),0,(0),0,(0),0,(0),0,(0),0,(0)
homer\tuba_031,1,(1)(Tuba_031: OF_explore_region),0,(0),0,(0),0,(0),0,(0),0,(0),0,(0)
homer\tuba_032,1,(1)(Tuba_032: OF_explore_region),0,(0),0,(0),0,(0),0,(0),0,(0),0,(0)
homer\tuba_033,1,(1)(Tuba_033: OF_explore_region),0,(0),0,(0),0,(0),0,(0),0,(0),0,(0)
homer\tuba_034,1,(1)(Tuba_034: OF_explore_region),0,(0),0,(0),0,(0),0,(0),0,(0),0,(0)
homer\tuba_035,1,(1)(Tuba_035: OF_explore_region),0,(0),0,(0),0,(0),0,(0),0,(0),0,(0)
homer\tuba_036,1,(1)(Tuba_036: OF_explore_region),0,(0),0,(0),0,(0),0,(0),0,(0),0,(0)
homer\tuba_037,1,(1)(Tuba_037: OF_explore_region),0,(0),0,(0),0,(0),0,(0),0,(0),0,(0)
homer\tuba_038,1,(1)(Tuba_038: OF_explore_region),0,(0),0,(0),0,(0),0,(0),0,(0),0,(0)
homer\tuba_039,1,(1)(Tuba_039: OF_explore_region),0,(0),0,(0),0,(0),0,(0),0,(0),0,(0)
homer\tuba_040,1,(1)(Tuba_040: OF_found_card_region),0,(0),0,(0),0,(0),0,(0),0,(0),1,(1)(Tuba_040: OF_found_card_region)
homer\tuba_041,1,(1)(Tuba_041: OF_found_card_region),0,(0),0,(0),0,(0),0,(0),0,(0),1,(1)(Tuba_041: OF_found_card_region)
homer\tuba_042,1,(1)(Tuba_042: OF_found_card_region),0,(0),0,(0),0,(0),0,(0),0,(0),1,(1)(Tuba_042: OF_found_card_region)
homer\tuba_043,1,(1)(Tuba_043: OF_found_card_region),0,(0),0,(0),0,(0),0,(0),0,(0),1,(1)(Tuba_043: OF_found_card_region)
homer\tuba_044*,1,(1)(Tuba_044: OF_time_out_region*),0,(0),0,(0),0,(0),0,(0),0,(0),0,(0)
homer\tuba_049,1,(1)(Tuba_049: OF_explore_region),0,(0),0,(0),0,(0),0,(0),0,(0),0,(0)
homer\tuba_050,1,(1)(Tuba_050: OF_explore_region),0,(0),0,(0),0,(0),0,(0),0,(0),0,(0)
homer\tuba_051,1,(1)(Tuba_051: OF_explore_region),0,(0),0,(0),0,(0),0,(0),0,(0),0,(0)
homer\tuba_052,1,(1)(Tuba_052: OF_explore_region),0,(0),0,(0),0,(0),0,(0),0,(0),0,(0)
homer\tuba_053*,1,(1)(Tuba_053: N/A),0,(0),0,(0),0,(0),0,(0),0,(0),1,(1)(Tuba_053: N/A)
homer\tuba_054,1,(1)(Tuba_054: OF_explore_region),0,(0),0,(0),0,(0),0,(0),0,(0),0,(0)
homer\tuba_055,1,(1)(Tuba_055: OF_explore_region),0,(0),0,(0),0,(0),0,(0),0,(0),0,(0)
homer\tuba_056,1,(2)(Tuba_056: Level_Intro_region),0,(0),0,(0),0,(0),0,(0),0,(0),0,(0)
homer\tuba_057,1,(1)(Tuba_057: OF_explore_region),0,(0),0,(0),0,(0),0,(0),0,(0),0,(0)
homer\tuba_058,1,(2)(Tuba_058: Level_Intro_region),0,(0),0,(0),0,(0),0,(0),0,(0),0,(0)
homer\tuba_059*,1,(2)(Tuba_059: N/A),0,(0),0,(0),0,(0),0,(0),0,(0),0,(0)
homer\tuba_060,1,(2)(Tuba_060: Level_Intro_region),0,(0),0,(0),0,(0),0,(0),0,(0),0,(0)
homer\tuba_061*,1,(2)(Tuba_061: N/A),0,(0),0,(0),0,(0),0,(0),0,(0),0,(0)
homer\tuba_062,1,(1)(Tuba_062: OF_time_out_region*),0,(0),0,(0),0,(0),0,(0),0,(0),1,(1)(Tuba_062: OF_found_card_region)
homer\tuba_063,1,(1)(Tuba_063: OF_time_out_region*),0,(0),0,(0),0,(0),0,(0),0,(0),1,(1)(Tuba_063: OF_found_card_region)
homer\tuba_064,1,(1)(Tuba_064: OF_explore_region),0,(0),0,(0),0,(0),0,(0),0,(0),0,(0)
homer\tuba_065,1,(1)(Tuba_065: OF_explore_region),0,(0),0,(0),0,(0),0,(0),0,(0),0,(0)
homer\tuba_068,1,(1)(Tuba_068: OF_explore_region),0,(0),0,(0),0,(0),0,(0),0,(0),0,(0)
homer\tuba_069,1,(1)(Tuba_069: OF_explore_region),0,(0),0,(0),0,(0),0,(0),0,(0),0,(0)
lisa\bari_sax001,0,(0),0,(0),1,(1)(Bari_Sax001: OF_explore_region),0,(0),0,(0),0,(0),0,(0)
lisa\bari_sax002,0,(0),0,(0),1,(1)(Bari_Sax002: OF_explore_region),0,(0),0,(0),0,(0),0,(0)
lisa\bari_sax003,0,(0),0,(0),1,(1)(Bari_Sax003: OF_explore_region),0,(0),0,(0),0,(0),0,(0)
lisa\bari_sax004,0,(0),0,(0),1,(1)(Bari_Sax004: OF_explore_region),0,(0),0,(0),0,(0),0,(0)
lisa\bari_sax005,0,(0),0,(0),1,(1)(Bari_Sax005: OF_explore_region),0,(0),0,(0),0,(0),0,(0)
lisa\bari_sax006,0,(0),0,(0),1,(1)(Bari_Sax006: OF_explore_region),0,(0),0,(0),0,(0),0,(0)
lisa\bari_sax007,0,(0),0,(0),1,(1)(Bari_Sax007: OF_explore_region),0,(0),0,(0),0,(0),0,(0)
lisa\bari_sax008,0,(0),0,(0),1,(1)(Bari_Sax008: OF_explore_region),0,(0),0,(0),0,(0),0,(0)
lisa\bari_sax009,0,(0),0,(0),1,(1)(Bari_Sax009: OF_explore_region),0,(0),0,(0),0,(0),0,(0)
lisa\bari_sax010,0,(0),0,(0),1,(1)(Bari_Sax010: OF_explore_region),0,(0),0,(0),0,(0),0,(0)
lisa\bari_sax011,0,(0),0,(0),1,(1)(Bari_Sax011: Entering_Building_region),0,(0),0,(0),0,(0),0,(0)
lisa\bari_sax012,0,(0),0,(0),1,(1)(Bari_Sax012: OF_explore_region),0,(0),0,(0),0,(0),0,(0)
lisa\bari_sax013,0,(0),0,(0),1,(1)(Bari_Sax013: Entering_Building_region),0,(0),0,(0),0,(0),0,(0)
lisa\bari_sax014,0,(0),0,(0),1,(1)(Bari_Sax014: OF_explore_region),0,(0),0,(0),0,(0),0,(0)
lisa\bari_sax015,0,(0),0,(0),1,(1)(Bari_Sax015: OF_explore_region),0,(0),0,(0),0,(0),0,(0)
lisa\bari_sax016,0,(0),0,(0),1,(1)(Bari_Sax016: OF_explore_region),0,(0),0,(0),0,(0),0,(0)
lisa\bari_sax017,0,(0),0,(0),1,(1)(Bari_Sax017: OF_explore_region),0,(0),0,(0),0,(0),0,(0)
lisa\bari_sax018,0,(0),0,(0),1,(1)(Bari_Sax018: OF_explore_region),0,(0),0,(0),0,(0),0,(0)
lisa\bari_sax019,0,(0),0,(0),1,(1)(Bari_Sax019: OF_explore_region),0,(0),0,(0),0,(0),0,(0)
lisa\bari_sax020,0,(0),0,(0),1,(1)(Bari_Sax020: OF_explore_region),0,(0),0,(0),0,(0),0,(0)
lisa\bari_sax021,0,(0),0,(0),1,(1)(Bari_Sax021: OF_explore_region),0,(0),0,(0),0,(0),0,(0)
lisa\bari_sax022,0,(0),0,(0),1,(1)(Bari_Sax022: OF_explore_region),0,(0),0,(0),0,(0),0,(0)
lisa\bari_sax023,0,(0),0,(0),1,(1)(Bari_Sax023: OF_explore_region),0,(0),0,(0),0,(0),0,(0)
lisa\bari_sax024,0,(0),0,(0),1,(1)(Bari_Sax024: OF_explore_region),0,(0),0,(0),0,(0),0,(0)
lisa\bari_sax025,0,(0),0,(0),1,(1)(Bari_Sax025: OF_explore_region),0,(0),0,(0),0,(0),0,(0)
lisa\bari_sax026,0,(0),0,(0),1,(1)(Bari_Sax026: OF_explore_region),0,(0),0,(0),0,(0),0,(0)
lisa\bari_sax027,0,(0),0,(0),1,(1)(Bari_Sax027: OF_explore_region),0,(0),0,(0),0,(0),0,(0)
lisa\bari_sax028,0,(0),0,(0),1,(1)(Bari_Sax028: OF_explore_region),0,(0),0,(0),0,(0),0,(0)
lisa\bari_sax032,0,(0),0,(0),1,(1)(Bari_Sax032: OF_explore_region),0,(0),0,(0),0,(0),0,(0)
lisa\bari_sax033,0,(0),0,(0),1,(1)(Bari_Sax033: OF_explore_region),0,(0),0,(0),0,(0),0,(0)
lisa\bari_sax034,0,(0),0,(0),1,(1)(Bari_Sax034: OF_explore_region),0,(0),0,(0),0,(0),0,(0)
lisa\bari_sax035,0,(0),0,(0),1,(1)(Bari_Sax035: OF_explore_region),0,(0),0,(0),0,(0),0,(0)
lisa\bari_sax036,0,(0),0,(0),1,(1)(Bari_Sax036: OF_explore_region),0,(0),0,(0),0,(0),0,(0)
lisa\bari_sax037,0,(0),0,(0),1,(1)(Bari_Sax037: OF_explore_region),0,(0),0,(0),0,(0),0,(0)
lisa\bari_sax038,0,(0),0,(0),1,(1)(Bari_Sax038: OF_explore_region),0,(0),0,(0),0,(0),0,(0)
lisa\bari_sax039,0,(0),0,(0),1,(1)(Bari_Sax039: OF_explore_region),0,(0),0,(0),0,(0),0,(0)
lisa\bari_sax040,0,(0),0,(0),1,(1)(Bari_Sax040: OF_explore_region),0,(0),0,(0),0,(0),0,(0)
lisa\bari_sax041,0,(0),0,(0),1,(1)(Bari_Sax041: OF_explore_region),0,(0),0,(0),0,(0),0,(0)
lisa\bari_sax042,0,(0),0,(0),1,(1)(Bari_Sax042: Entering_Building_region),0,(0),0,(0),0,(0),0,(0)
lisa\bari_sax043,0,(0),0,(0),1,(1)(Bari_Sax043: Entering_Building_region),0,(0),0,(0),0,(0),0,(0)
lisa\bari_sax044,0,(0),0,(0),1,(1)(Bari_Sax044: Entering_Building_region),0,(0),0,(0),0,(0),0,(0)
lisa\bari_sax045,0,(0),0,(0),1,(1)(Bari_Sax045: OF_explore_region),0,(0),0,(0),0,(0),0,(0)
lisa\bari_sax046,0,(0),0,(0),1,(1)(Bari_Sax046: Entering_Building_region),0,(0),0,(0),0,(0),0,(0)
lisa\bari_sax047,0,(0),0,(0),1,(1)(Bari_Sax047: Entering_Building_region),0,(0),0,(0),0,(0),0,(0)
lisa\bari_sax048,0,(0),0,(0),1,(1)(Bari_Sax048: Entering_Building_region),0,(0),0,(0),0,(0),0,(0)
lisa\bari_sax049,0,(0),0,(0),1,(1)(Bari_Sax049: OF_explore_region),0,(0),0,(0),0,(0),0,(0)
lisa\bari_sax050,0,(0),0,(0),1,(1)(Bari_Sax050: OF_explore_region),0,(0),0,(0),0,(0),0,(0)
lisa\bari_sax051,0,(0),0,(0),1,(1)(Bari_Sax051: OF_explore_region),0,(0),0,(0),0,(0),0,(0)
lisa\bari_sax052,0,(0),0,(0),1,(1)(Bari_Sax052: OF_explore_region),0,(0),0,(0),0,(0),0,(0)
lisa\bari_sax053,0,(0),0,(0),1,(1)(Bari_Sax053: OF_explore_region),0,(0),0,(0),0,(0),0,(0)
lisa\bari_sax054,0,(0),0,(0),1,(1)(Bari_Sax054: OF_explore_region),0,(0),0,(0),0,(0),0,(0)
lisa\bari_sax055,0,(0),0,(0),1,(1)(Bari_Sax055: OF_explore_region),0,(0),0,(0),0,(0),0,(0)
lisa\bari_sax056,0,(0),0,(0),1,(1)(Bari_Sax056: OF_explore_region),0,(0),0,(0),0,(0),0,(0)
lisa\bari_sax057,0,(0),0,(0),1,(1)(Bari_Sax057: OF_explore_region),0,(0),0,(0),0,(0),0,(0)
lisa\bari_sax058,0,(0),0,(0),1,(1)(Bari_Sax058: OF_explore_region),0,(0),0,(0),0,(0),0,(0)
lisa\bari_sax059,0,(0),0,(0),1,(1)(Bari_Sax059: OF_explore_region),0,(0),0,(0),0,(0),0,(0)
lisa\bari_sax060,0,(0),0,(0),1,(1)(Bari_Sax060: OF_explore_region),0,(0),0,(0),0,(0),0,(0)
lisa\bari_sax061,0,(0),0,(0),1,(1)(Bari_Sax061: OF_explore_region),0,(0),0,(0),0,(0),0,(0)
lisa\bari_sax062,0,(0),0,(0),1,(1)(Bari_Sax062: OF_explore_region),0,(0),0,(0),0,(0),0,(0)
lisa\bari_sax063,0,(0),0,(0),1,(1)(Bari_Sax063: OF_explore_region),0,(0),0,(0),0,(0),0,(0)
lisa\bari_sax064,0,(0),0,(0),1,(1)(Bari_Sax064: OF_explore_region),0,(0),0,(0),0,(0),0,(0)
lisa\bari_sax065,0,(0),0,(0),1,(1)(Bari_Sax065: OF_explore_region),0,(0),0,(0),0,(0),0,(0)
lisa\bari_sax066,0,(0),0,(0),1,(1)(Bari_Sax066: OF_explore_region),0,(0),0,(0),0,(0),0,(0)
lisa\bari_sax067,0,(0),0,(0),1,(1)(Bari_Sax067: OF_explore_region),0,(0),0,(0),0,(0),0,(0)
lisa\bari_sax068,0,(0),0,(0),1,(1)(Bari_Sax068: OF_explore_region),0,(0),0,(0),0,(0),0,(0)
lisa\bari_sax069,0,(0),0,(0),1,(1)(Bari_Sax069: OF_explore_region),0,(0),0,(0),0,(0),0,(0)
lisa\bari_sax070,0,(0),0,(0),1,(1)(Bari_Sax070: OF_explore_region),0,(0),0,(0),0,(0),0,(0)
lisa\bari_sax071,0,(0),0,(0),1,(1)(Bari_Sax071: OF_explore_region),0,(0),0,(0),0,(0),0,(0)
lisa\bari_sax072,0,(0),0,(0),1,(1)(Bari_Sax072: OF_explore_region),0,(0),0,(0),0,(0),0,(0)
lisa\bari_sax073,0,(0),0,(0),1,(1)(Bari_Sax073: OF_explore_region),0,(0),0,(0),0,(0),0,(0)
lisa\bari_sax074,0,(0),0,(0),1,(1)(Bari_Sax074: OF_explore_region),0,(0),0,(0),0,(0),0,(0)
lisa\bari_sax075,0,(0),0,(0),1,(1)(Bari_Sax075: OF_explore_region),0,(0),0,(0),0,(0),0,(0)
lisa\bari_sax076,0,(0),0,(0),1,(1)(Bari_Sax076: OF_explore_region),0,(0),0,(0),0,(0),0,(0)
lisa\bari_sax077,0,(0),0,(0),1,(1)(Bari_Sax077: OF_explore_region),0,(0),0,(0),0,(0),0,(0)
lisa\bari_sax078,0,(0),0,(0),1,(1)(Bari_Sax078: OF_explore_region),0,(0),0,(0),0,(0),0,(0)
lisa\bari_sax079,0,(0),0,(0),1,(1)(Bari_Sax079: OF_explore_region),0,(0),0,(0),0,(0),0,(0)
lisa\bari_sax080,0,(0),0,(0),1,(1)(Bari_Sax080: OF_explore_region),0,(0),0,(0),0,(0),0,(0)
lisa\bari_sax081,0,(0),0,(0),1,(1)(Bari_Sax081: OF_explore_region),0,(0),0,(0),0,(0),0,(0)
lisa\bari_sax082,0,(0),0,(0),1,(1)(Bari_Sax082: OF_explore_region),0,(0),0,(0),0,(0),0,(0)
lisa\bari_sax083,0,(0),0,(0),1,(1)(Bari_Sax083: OF_explore_region),0,(0),0,(0),0,(0),0,(0)
lisa\bari_sax084,0,(0),0,(0),1,(2)(Bari_Sax084: Level_Intro_region),0,(0),0,(0),0,(0),0,(0)
lisa\bari_sax085,0,(0),0,(0),1,(2)(Bari_Sax085: Level_Intro_region),0,(0),0,(0),0,(0),0,(0)
lisa\bari_sax086,0,(0),0,(0),1,(1)(Bari_Sax086: OF_explore_region),0,(0),0,(0),0,(0),0,(0)
lisa\bari_sax087,0,(0),0,(0),1,(1)(Bari_Sax087: OF_explore_region),0,(0),0,(0),0,(0),0,(0)
lisa\bari_sax088,0,(0),0,(0),1,(1)(Bari_Sax088: OF_explore_region),0,(0),0,(0),0,(0),0,(0)
lisa\bari_sax089,0,(0),0,(0),1,(1)(Bari_Sax089: OF_explore_region),0,(0),0,(0),0,(0),0,(0)
lisa\bari_sax090,0,(0),0,(0),1,(1)(Bari_Sax090: OF_explore_region),0,(0),0,(0),0,(0),0,(0)
lisa\bari_sax091,0,(0),0,(0),1,(1)(Bari_Sax091: OF_explore_region),0,(0),0,(0),0,(0),0,(0)
lisa\bari_sax092,0,(0),0,(0),1,(1)(Bari_Sax092: OF_explore_region),0,(0),0,(0),0,(0),0,(0)
lisa\bari_sax093,0,(0),0,(0),1,(1)(Bari_Sax093: OF_explore_region),0,(0),0,(0),0,(0),0,(0)
lisa\bari_sax094,0,(0),0,(0),1,(1)(Bari_Sax094: OF_explore_region),0,(0),0,(0),0,(0),0,(0)
lisa\bari_sax095,0,(0),0,(0),1,(1)(Bari_Sax095: OF_explore_region),0,(0),0,(0),0,(0),0,(0)
lisa\bari_sax096,0,(0),0,(0),1,(1)(Bari_Sax096: OF_explore_region),0,(0),0,(0),0,(0),0,(0)
lisa\bari_sax097,0,(0),0,(0),1,(1)(Bari_Sax097: OF_explore_region),0,(0),0,(0),0,(0),0,(0)
lisa\bari_sax098,0,(0),0,(0),1,(1)(Bari_Sax098: OF_explore_region),0,(0),0,(0),0,(0),0,(0)
lisa\bari_sax099,0,(0),0,(0),1,(1)(Bari_Sax099: OF_explore_region),0,(0),0,(0),0,(0),0,(0)
lisa\bari_sax100,0,(0),0,(0),1,(1)(Bari_Sax100: OF_win_region),0,(0),0,(0),0,(0),0,(0)
lisa\bari_sax101,0,(0),0,(0),1,(1)(Bari_Sax101: OF_explore_region),0,(0),0,(0),0,(0),0,(0)
lisa\bari_sax102,0,(0),0,(0),1,(1)(Bari_Sax102: OF_explore_region),0,(0),0,(0),0,(0),0,(0)
lisa\bari_sax103,0,(0),0,(0),1,(1)(Bari_Sax103: OF_explore_region),0,(0),0,(0),0,(0),0,(0)
lisa\bari_sax104,0,(0),0,(0),1,(1)(Bari_Sax104: OF_explore_region),0,(0),0,(0),0,(0),0,(0)
lisa\bari_sax105,0,(0),0,(0),1,(1)(Bari_Sax105: OF_explore_region),0,(0),0,(0),0,(0),0,(0)
lisa\bari_sax106,0,(0),0,(0),1,(1)(Bari_Sax106: OF_explore_region),0,(0),0,(0),0,(0),0,(0)
lisa\bari_sax107,0,(0),0,(0),1,(1)(Bari_Sax107: OF_explore_region),0,(0),0,(0),0,(0),0,(0)
lisa\bari_sax108,0,(0),0,(0),1,(1)(Bari_Sax108: OF_explore_region),0,(0),0,(0),0,(0),0,(0)
lisa\bari_sax109,0,(0),0,(0),1,(1)(Bari_Sax109: OF_explore_region),0,(0),0,(0),0,(0),0,(0)
lisa\bari_sax110,0,(0),0,(0),1,(1)(Bari_Sax110: OF_explore_region),0,(0),0,(0),0,(0),0,(0)
lisa\bari_sax111,0,(0),0,(0),1,(1)(Bari_Sax111: OF_explore_region),0,(0),0,(0),0,(0),0,(0)
lisa\bari_sax112,0,(0),0,(0),1,(1)(Bari_Sax112: OF_explore_region),0,(0),0,(0),0,(0),0,(0)
lisa\bari_sax113,0,(0),0,(0),1,(1)(Bari_Sax113: OF_explore_region),0,(0),0,(0),0,(0),0,(0)
lisa\bari_sax114,0,(0),0,(0),1,(1)(Bari_Sax114: OF_explore_region),0,(0),0,(0),0,(0),0,(0)
lisa\bari_sax115,0,(0),0,(0),1,(1)(Bari_Sax115: OF_explore_region),0,(0),0,(0),0,(0),0,(0)
lisa\bari_sax116,0,(0),0,(0),1,(1)(Bari_Sax116: OF_explore_region),0,(0),0,(0),0,(0),0,(0)
lisa\bari_sax117,0,(0),0,(0),1,(1)(Bari_Sax117: OF_explore_region),0,(0),0,(0),0,(0),0,(0)
lisa\bari_sax118,0,(0),0,(0),1,(1)(Bari_Sax118: OF_explore_region),0,(0),0,(0),0,(0),0,(0)
lisa\bari_sax119,0,(0),0,(0),1,(1)(Bari_Sax119: OF_explore_region),0,(0),0,(0),0,(0),0,(0)
lisa\bari_sax120,0,(0),0,(0),1,(1)(Bari_Sax120: OF_explore_region),0,(0),0,(0),0,(0),0,(0)
lisa\bari_sax121,0,(0),0,(0),1,(1)(Bari_Sax121: OF_explore_region),0,(0),0,(0),0,(0),0,(0)
lisa\bari_sax122,0,(0),0,(0),1,(1)(Bari_Sax122: OF_explore_region),0,(0),0,(0),0,(0),0,(0)
lisa\bari_sax123,0,(0),0,(0),1,(1)(Bari_Sax123: OF_explore_region),0,(0),0,(0),0,(0),0,(0)
lisa\bari_sax124,0,(0),0,(0),1,(1)(Bari_Sax124: OF_explore_region),0,(0),0,(0),0,(0),0,(0)
lisa\bari_sax125,0,(0),0,(0),1,(1)(Bari_Sax125: OF_explore_region),0,(0),0,(0),0,(0),0,(0)
lisa\bari_sax126,0,(0),0,(0),1,(1)(Bari_Sax126: OF_explore_region),0,(0),0,(0),0,(0),0,(0)
lisa\bari_sax127,0,(0),0,(0),1,(1)(Bari_Sax127: OF_explore_region),0,(0),0,(0),0,(0),0,(0)
lisa\bari_sax128,0,(0),0,(0),1,(1)(Bari_Sax128: OF_explore_region),0,(0),0,(0),0,(0),0,(0)
lisa\bari_sax129,0,(0),0,(0),1,(1)(Bari_Sax129: OF_explore_region),0,(0),0,(0),0,(0),0,(0)
lisa\bari_sax130,0,(0),0,(0),1,(1)(Bari_Sax130: OF_explore_region),0,(0),0,(0),0,(0),0,(0)
lisa\bari_sax131,0,(0),0,(0),1,(1)(Bari_Sax131: OF_explore_region),0,(0),0,(0),0,(0),0,(0)
lisa\bari_sax132,0,(0),0,(0),1,(1)(Bari_Sax132: OF_explore_region),0,(0),0,(0),0,(0),0,(0)
lisa\bari_sax133,0,(0),0,(0),1,(1)(Bari_Sax133: OF_explore_region),0,(0),0,(0),0,(0),0,(0)
lisa\bari_sax134,0,(0),0,(0),1,(1)(Bari_Sax134: OF_explore_region),0,(0),0,(0),0,(0),0,(0)
lisa\bari_sax135,0,(0),0,(0),1,(1)(Bari_Sax135: OF_explore_region),0,(0),0,(0),0,(0),0,(0)
lisa\bari_sax136,0,(0),0,(0),1,(1)(Bari_Sax136: OF_explore_region),0,(0),0,(0),0,(0),0,(0)
lisa\bari_sax137,0,(0),0,(0),1,(1)(Bari_Sax137: OF_explore_region),0,(0),0,(0),0,(0),0,(0)
lisa\bari_sax138,0,(0),0,(0),1,(1)(Bari_Sax138: OF_explore_region),0,(0),0,(0),0,(0),0,(0)
lisa\bari_sax139,0,(0),0,(0),1,(1)(Bari_Sax139: OF_explore_region),0,(0),0,(0),0,(0),0,(0)
lisa\bari_sax140,0,(0),0,(0),1,(1)(Bari_Sax140: OF_explore_region),0,(0),0,(0),0,(0),0,(0)
lisa\bari_sax141,0,(0),0,(0),1,(1)(Bari_Sax141: OF_explore_region),0,(0),0,(0),0,(0),0,(0)
lisa\bari_sax142,0,(0),0,(0),1,(1)(Bari_Sax142: OF_explore_region),0,(0),0,(0),0,(0),0,(0)
lisa\bari_sax143,0,(0),0,(0),1,(1)(Bari_Sax143: OF_explore_region),0,(0),0,(0),0,(0),0,(0)
lisa\bari_sax144,0,(0),0,(0),1,(1)(Bari_Sax144: OF_explore_region),0,(0),0,(0),0,(0),0,(0)
lisa\bari_sax145,0,(0),0,(0),1,(1)(Bari_Sax145: OF_explore_region),0,(0),0,(0),0,(0),0,(0)
lisa\bari_sax146,0,(0),0,(0),1,(1)(Bari_Sax146: OF_explore_region),0,(0),0,(0),0,(0),0,(0)
lisa\bari_sax147,0,(0),0,(0),1,(1)(Bari_Sax147: OF_explore_region),0,(0),0,(0),0,(0),0,(0)
lisa\bari_sax148,0,(0),0,(0),1,(1)(Bari_Sax148: OF_explore_region),0,(0),0,(0),0,(0),0,(0)
lisa\bari_sax149,0,(0),0,(0),1,(1)(Bari_Sax149: OF_explore_region),0,(0),0,(0),0,(0),0,(0)
lisa\bari_sax150,0,(0),0,(0),1,(1)(Bari_Sax150: OF_explore_region),0,(0),0,(0),0,(0),0,(0)
lisa\bari_sax151,0,(0),0,(0),1,(1)(Bari_Sax151: OF_explore_region),0,(0),0,(0),0,(0),0,(0)
lisa\bari_sax152,0,(0),0,(0),1,(1)(Bari_Sax152: OF_explore_region),0,(0),0,(0),0,(0),0,(0)
lisa\bari_sax153,0,(0),0,(0),1,(1)(Bari_Sax153: OF_explore_region),0,(0),0,(0),0,(0),0,(0)
lisa\bari_sax154,0,(0),0,(0),1,(1)(Bari_Sax154: OF_explore_region),0,(0),0,(0),0,(0),0,(0)
lisa\lisa_reward01,0,(0),0,(0),1,(1)(Lisa_Reward01: OF_found_card_region),0,(0),0,(0),0,(0),0,(0)
lisa\lisa_reward02,0,(0),0,(0),1,(1)(Lisa_Reward02: OF_found_card_region),0,(0),0,(0),0,(0),0,(0)
marge\harpgliss01,0,(0),0,(0),0,(0),1,(1)(HarpGliss01: OF_found_card_region),0,(0),0,(0),0,(0)
marge\harpgliss02,0,(0),0,(0),0,(0),1,(1)(HarpGliss02: OF_found_card_region),0,(0),0,(0),0,(0)
marge\harpgliss03,0,(0),0,(0),0,(0),1,(1)(HarpGliss03: OF_found_card_region),0,(0),0,(0),0,(0)
marge\lounge001,0,(0),0,(0),0,(0),1,(2)(Lounge001: Level_Intro_region),0,(0),0,(0),0,(0)
marge\lounge002,0,(0),0,(0),0,(0),1,(1)(Lounge002: OF_explore_region),0,(0),0,(0),0,(0)
marge\lounge003,0,(0),0,(0),0,(0),1,(1)(Lounge003: OF_explore_region),0,(0),0,(0),0,(0)
marge\lounge004,0,(0),0,(0),0,(0),1,(1)(Lounge004: OF_explore_region),0,(0),0,(0),0,(0)
marge\lounge005,0,(0),0,(0),0,(0),1,(1)(Lounge005: OF_explore_region),0,(0),0,(0),0,(0)
marge\lounge006,0,(0),0,(0),0,(0),1,(1)(Lounge006: OF_explore_region),0,(0),0,(0),0,(0)
marge\lounge007,0,(0),0,(0),0,(0),1,(1)(Lounge007: OF_explore_region),0,(0),0,(0),0,(0)
marge\lounge008,0,(0),0,(0),0,(0),1,(1)(Lounge008: OF_explore_region/OF_victory_region),0,(0),0,(0),0,(0)
marge\lounge009,0,(0),0,(0),0,(0),1,(1)(Lounge009: OF_explore_region),0,(0),0,(0),0,(0)
marge\lounge010*,0,(0),0,(0),0,(0),1,(1)(Lounge010: N/A),0,(0),0,(0),0,(0)
marge\lounge011,0,(0),0,(0),0,(0),1,(1)(Lounge011: OF_explore_region),0,(0),0,(0),0,(0)
marge\lounge012,0,(0),0,(0),0,(0),1,(1)(Lounge012: OF_explore_region),0,(0),0,(0),0,(0)
marge\lounge013,0,(0),0,(0),0,(0),1,(1)(Lounge013: OF_explore_region),0,(0),0,(0),0,(0)
marge\lounge014,0,(0),0,(0),0,(0),1,(1)(Lounge014: OF_explore_region),0,(0),0,(0),0,(0)
marge\lounge015,0,(0),0,(0),0,(0),1,(1)(Lounge015: OF_explore_region),0,(0),0,(0),0,(0)
marge\lounge016,0,(0),0,(0),0,(0),1,(1)(Lounge016: OF_explore_region),0,(0),0,(0),0,(0)
marge\lounge017,0,(0),0,(0),0,(0),1,(1)(Lounge017: OF_explore_region),0,(0),0,(0),0,(0)
marge\lounge018,0,(0),0,(0),0,(0),1,(1)(Lounge018: OF_explore_region),0,(0),0,(0),0,(0)
marge\lounge019,0,(0),0,(0),0,(0),1,(1)(Lounge019: OF_explore_region),0,(0),0,(0),0,(0)
marge\lounge020,0,(0),0,(0),0,(0),1,(1)(Lounge020: OF_explore_region),0,(0),0,(0),0,(0)
marge\lounge021,0,(0),0,(0),0,(0),1,(1)(Lounge021: OF_explore_region),0,(0),0,(0),0,(0)
marge\lounge022,0,(0),0,(0),0,(0),1,(1)(Lounge022: OF_explore_region),0,(0),0,(0),0,(0)
marge\lounge023,0,(0),0,(0),0,(0),1,(1)(Lounge023: OF_explore_region),0,(0),0,(0),0,(0)
marge\lounge024,0,(0),0,(0),0,(0),1,(1)(Lounge024: OF_explore_region),0,(0),0,(0),0,(0)
marge\lounge025,0,(0),0,(0),0,(0),1,(1)(Lounge025: OF_explore_region),0,(0),0,(0),0,(0)
marge\lounge_trans01,0,(0),0,(0),0,(0),1,(1)(Lounge_Trans01: Entering_Building_region),0,(0),0,(0),0,(0)
marge\lounge_trans02,0,(0),0,(0),0,(0),1,(1)(Lounge_Trans02: Entering_Building_region),0,(0),0,(0),0,(0)
marge\lounge_trans03,0,(0),0,(0),0,(0),1,(1)(Lounge_Trans03: Entering_Building_region),0,(0),0,(0),0,(0)
marge\lounge_trans04,0,(0),0,(0),0,(0),1,(1)(Lounge_Trans04: Entering_Building_region),0,(0),0,(0),0,(0)
marge\lounge_trans05,0,(0),0,(0),0,(0),1,(1)(Lounge_Trans05: Entering_Building_region),0,(0),0,(0),0,(0)
marge\lounge_trans06*,0,(0),0,(0),0,(0),1,(1)(Lounge_Trans06: N/A),0,(0),0,(0),0,(0)
marge\of_explore01,0,(0),0,(0),0,(0),1,(1)(OF_explore01: OF_explore_region),0,(0),0,(0),0,(0)
marge\of_explore03,0,(0),0,(0),0,(0),1,(1)(OF_explore03: OF_explore_region),0,(0),0,(0),0,(0)
marge\of_explore04,0,(0),0,(0),0,(0),1,(1)(OF_explore04: OF_explore_region),0,(0),0,(0),0,(0)
marge\of_explore05,0,(0),0,(0),0,(0),1,(1)(OF_explore05: OF_explore_region),0,(0),0,(0),0,(0)
marge\of_explore07,0,(0),0,(0),0,(0),1,(1)(OF_explore07: OF_explore_region),0,(0),0,(0),0,(0)
marge\of_explore08,0,(0),0,(0),0,(0),1,(1)(OF_explore08: OF_explore_region),0,(0),0,(0),0,(0)
marge\of_search_for_clue01,0,(0),0,(0),0,(0),1,(1)(OF_search_for_clue01: OF_explore_region),0,(0),0,(0),0,(0)
marge\of_search_for_clue02,0,(0),0,(0),0,(0),1,(1)(OF_search_for_clue02: OF_explore_region),0,(0),0,(0),0,(0)
marge\tuba_024*,0,(0),0,(0),0,(0),1,(1)(Tuba_024: N/A),0,(0),0,(0),0,(0)
minigame\casio_tune01,1,(1)(Casio_tune01: SS_region),1,(1)(Casio_tune01: SS_region),1,(1)(Casio_tune01: SS_region),1,(1)(Casio_tune01: SS_region),1,(1)(Casio_tune01: SS_region),1,(1)(Casio_tune01: SS_region),1,(1)(Casio_tune01: SS_region)
minigame\casio_tune02,1,(1)(Casio_tune02: SS_region),1,(1)(Casio_tune02: SS_region),1,(1)(Casio_tune02: SS_region),1,(1)(Casio_tune02: SS_region),1,(1)(Casio_tune02: SS_region),1,(1)(Casio_tune02: SS_region),1,(1)(Casio_tune02: SS_region)
minigame\casio_tune07,1,(1)(Casio_tune07: SS_region),1,(1)(Casio_tune07: SS_region),1,(1)(Casio_tune07: SS_region),1,(1)(Casio_tune07: SS_region),1,(1)(Casio_tune07: SS_region),1,(1)(Casio_tune07: SS_region),1,(1)(Casio_tune07: SS_region)
minigame\casio_tune08,1,(1)(Casio_tune08: SS_region),1,(1)(Casio_tune08: SS_region),1,(1)(Casio_tune08: SS_region),1,(1)(Casio_tune08: SS_region),1,(1)(Casio_tune08: SS_region),1,(1)(Casio_tune08: SS_region),1,(1)(Casio_tune08: SS_region)
minigame\casio_tune09,1,(1)(Casio_tune09: SS_region),1,(1)(Casio_tune09: SS_region),1,(1)(Casio_tune09: SS_region),1,(1)(Casio_tune09: SS_region),1,(1)(Casio_tune09: SS_region),1,(1)(Casio_tune09: SS_region),1,(1)(Casio_tune09: SS_region)
minigame\lose_mini_game02,1,(1)(lose_mini_game02: Lose_SS_region),1,(1)(lose_mini_game02: Lose_SS_region),1,(1)(lose_mini_game02: Lose_SS_region),1,(1)(lose_mini_game02: Lose_SS_region),1,(1)(lose_mini_game02: Lose_SS_region),1,(1)(lose_mini_game02: Lose_SS_region),1,(1)(lose_mini_game02: Lose_SS_region)
minigame\win_mini_game,1,(1)(win_mini_game: Win_SS_region),1,(1)(win_mini_game: Win_SS_region),1,(1)(win_mini_game: Win_SS_region),1,(1)(win_mini_game: Win_SS_region),1,(1)(win_mini_game: Win_SS_region),1,(1)(win_mini_game: Win_SS_region),1,(1)(win_mini_game: Win_SS_region)
